2026-06-13 18:32:45 [INFO] ===== Round 1/1 =====
2026-06-13 18:32:45 [INFO] ===== no_tool =====
2026-06-13 18:32:45 [INFO] 



2026-06-13 18:32:45 [INFO] number id: 0
2026-06-13 18:32:45 [INFO] label id: Study_1:0
2026-06-13 18:32:45 [INFO] puzzle content:
2026-06-13 18:32:45 [INFO] def sat(s: str):
    return s.count('o') == 1000 and s.count('oo') == 0
2026-06-13 18:32:54 [INFO] Runtime error: name 'sat' is not defined
2026-06-13 18:32:54 [INFO] 



2026-06-13 18:32:54 [INFO] number id: 1
2026-06-13 18:32:54 [INFO] label id: Study_2:0
2026-06-13 18:32:54 [INFO] puzzle content:
2026-06-13 18:32:54 [INFO] def sat(s: str):
    return s.count('o') == 1000 and s.count('oo') == 100 and s.count('ho') == 801
2026-06-13 18:33:03 [INFO] Runtime error: name 'sat' is not defined
2026-06-13 18:33:03 [INFO] 



2026-06-13 18:33:03 [INFO] number id: 2
2026-06-13 18:33:03 [INFO] label id: Study_3:0
2026-06-13 18:33:03 [INFO] puzzle content:
2026-06-13 18:33:03 [INFO] def sat(li: List[int]):
    return sorted(li) == list(range(999)) and all(li[i] != i for i in range(len(li)))
2026-06-13 18:33:12 [INFO] Runtime error: name 'sat' is not defined
2026-06-13 18:33:12 [INFO] 



2026-06-13 18:33:12 [INFO] number id: 3
2026-06-13 18:33:12 [INFO] label id: Study_4:0
2026-06-13 18:33:12 [INFO] puzzle content:
2026-06-13 18:33:12 [INFO] def sat(li: List[int]):
    return len(li) == 10 and li.count(li[3]) == 2
2026-06-13 18:33:20 [INFO] Runtime error: name 'sat' is not defined
2026-06-13 18:33:20 [INFO] 



2026-06-13 18:33:20 [INFO] number id: 4
2026-06-13 18:33:20 [INFO] label id: Study_5:0
2026-06-13 18:33:20 [INFO] puzzle content:
2026-06-13 18:33:20 [INFO] def sat(li: List[int]):
    return all([li.count(i) == i for i in range(10)])
2026-06-13 18:33:27 [INFO] Runtime error: name 'sat' is not defined
2026-06-13 18:33:27 [INFO] 



2026-06-13 18:33:27 [INFO] number id: 5
2026-06-13 18:33:27 [INFO] label id: Study_6:0
2026-06-13 18:33:27 [INFO] puzzle content:
2026-06-13 18:33:27 [INFO] def sat(i: int):
    return i % 123 == 4 and i > 10 ** 10
2026-06-13 18:33:32 [INFO] Runtime error: name 'sat' is not defined
2026-06-13 18:33:32 [INFO] 



2026-06-13 18:33:32 [INFO] number id: 6
2026-06-13 18:33:32 [INFO] label id: Study_7:0
2026-06-13 18:33:32 [INFO] puzzle content:
2026-06-13 18:33:32 [INFO] def sat(s: str):
    return str(8 ** 2888).count(s) > 8 and len(s) == 3
2026-06-13 18:33:41 [INFO] Runtime error: name 'sat' is not defined
2026-06-13 18:33:41 [INFO] 



2026-06-13 18:33:41 [INFO] number id: 7
2026-06-13 18:33:41 [INFO] label id: Study_8:0
2026-06-13 18:33:41 [INFO] puzzle content:
2026-06-13 18:33:41 [INFO] def sat(ls: List[str]):
    return ls[1234] in ls[1235] and ls[1234] != ls[1235]
2026-06-13 18:33:49 [INFO] Runtime error: name 'sat' is not defined
2026-06-13 18:33:49 [INFO] 



2026-06-13 18:33:49 [INFO] number id: 8
2026-06-13 18:33:49 [INFO] label id: Study_9:0
2026-06-13 18:33:49 [INFO] puzzle content:
2026-06-13 18:33:49 [INFO] def sat(li: List[int]):
    return ["The quick brown fox jumps over the lazy dog"[i] for i in li] == list(
        "The five boxing wizards jump quickly")
2026-06-13 18:34:00 [INFO] Runtime error: name 'sat' is not defined
2026-06-13 18:34:00 [INFO] 



2026-06-13 18:34:00 [INFO] number id: 9
2026-06-13 18:34:00 [INFO] label id: Study_10:0
2026-06-13 18:34:00 [INFO] puzzle content:
2026-06-13 18:34:00 [INFO] def sat(s: str):
    return s in str(8 ** 1818) and s == s[::-1] and len(s) > 11
2026-06-13 18:34:10 [INFO] Runtime error: name 'sat' is not defined
2026-06-13 18:34:10 [INFO] 



2026-06-13 18:34:10 [INFO] number id: 10
2026-06-13 18:34:10 [INFO] label id: Study_11:0
2026-06-13 18:34:10 [INFO] puzzle content:
2026-06-13 18:34:10 [INFO] def sat(ls: List[str]):
    return min(ls) == max(ls) == str(len(ls))
2026-06-13 18:34:17 [INFO] Runtime error: name 'sat' is not defined
2026-06-13 18:34:17 [INFO] 



2026-06-13 18:34:17 [INFO] number id: 11
2026-06-13 18:34:17 [INFO] label id: Study_12:0
2026-06-13 18:34:17 [INFO] puzzle content:
2026-06-13 18:34:17 [INFO] def sat(li: List[int]):
    return all(i + j == 9 for i, j in zip([4] + li, li)) and len(li) == 1000
2026-06-13 18:34:23 [INFO] Runtime error: name 'sat' is not defined
2026-06-13 18:34:23 [INFO] 



2026-06-13 18:34:23 [INFO] number id: 12
2026-06-13 18:34:23 [INFO] label id: Study_13:0
2026-06-13 18:34:23 [INFO] puzzle content:
2026-06-13 18:34:23 [INFO] def sat(x: float):
    return str(x - 3.1415).startswith("123.456")
2026-06-13 18:34:28 [INFO] Runtime error: name 'sat' is not defined
2026-06-13 18:34:28 [INFO] 



2026-06-13 18:34:28 [INFO] number id: 13
2026-06-13 18:34:28 [INFO] label id: Study_14:0
2026-06-13 18:34:28 [INFO] puzzle content:
2026-06-13 18:34:28 [INFO] def sat(li: List[int]):
    return all([sum(li[:i]) == i for i in range(20)])
2026-06-13 18:34:39 [INFO] Runtime error: name 'sat' is not defined
2026-06-13 18:34:39 [INFO] 



2026-06-13 18:34:39 [INFO] number id: 14
2026-06-13 18:34:39 [INFO] label id: Study_15:0
2026-06-13 18:34:39 [INFO] puzzle content:
2026-06-13 18:34:39 [INFO] def sat(li: List[int]):
    return all(sum(li[:i]) == 2 ** i - 1 for i in range(20))
2026-06-13 18:34:50 [INFO] Runtime error: name 'sat' is not defined
2026-06-13 18:34:50 [INFO] 



2026-06-13 18:34:50 [INFO] number id: 15
2026-06-13 18:34:50 [INFO] label id: Study_16:0
2026-06-13 18:34:50 [INFO] puzzle content:
2026-06-13 18:34:50 [INFO] def sat(s: str):
    return float(s) + len(s) == 4.5
2026-06-13 18:34:59 [INFO] Runtime error: name 'sat' is not defined
2026-06-13 18:34:59 [INFO] 



2026-06-13 18:34:59 [INFO] number id: 16
2026-06-13 18:34:59 [INFO] label id: Study_17:0
2026-06-13 18:34:59 [INFO] puzzle content:
2026-06-13 18:34:59 [INFO] def sat(i: int):
    return len(str(i + 1000)) > len(str(i + 1001))
2026-06-13 18:35:09 [INFO] Runtime error: name 'sat' is not defined
2026-06-13 18:35:09 [INFO] 



2026-06-13 18:35:09 [INFO] number id: 17
2026-06-13 18:35:09 [INFO] label id: Study_18:0
2026-06-13 18:35:09 [INFO] puzzle content:
2026-06-13 18:35:09 [INFO] def sat(ls: List[str]):
    return [s + t for s in ls for t in ls if s != t] == 'berlin berger linber linger gerber gerlin'.split()
2026-06-13 18:35:21 [INFO] Runtime error: name 'sat' is not defined
2026-06-13 18:35:21 [INFO] 



2026-06-13 18:35:21 [INFO] number id: 18
2026-06-13 18:35:21 [INFO] label id: Study_19:0
2026-06-13 18:35:21 [INFO] puzzle content:
2026-06-13 18:35:21 [INFO] def sat(li: List[int]):
    return {i + j for i in li for j in li} == {0, 1, 2, 3, 4, 5, 6, 17, 18, 19, 20, 34}
2026-06-13 18:35:37 [INFO] Runtime error: invalid syntax (<string>, line 1)
2026-06-13 18:35:37 [INFO] 



2026-06-13 18:35:37 [INFO] number id: 19
2026-06-13 18:35:37 [INFO] label id: Study_20:0
2026-06-13 18:35:37 [INFO] puzzle content:
2026-06-13 18:35:37 [INFO] def sat(li: List[int]):
    return all(j in {i - 1, i + 1, 3 * i} for i, j in zip([0] + li, li + [128]))
2026-06-13 18:36:12 [INFO] Runtime error: '[' was never closed (<string>, line 1)
2026-06-13 18:36:12 [INFO] 



2026-06-13 18:36:12 [INFO] number id: 20
2026-06-13 18:36:12 [INFO] label id: Study_21:0
2026-06-13 18:36:12 [INFO] puzzle content:
2026-06-13 18:36:12 [INFO] def sat(li: List[int]):
    return all([li[i] != li[i + 1] for i in range(10)]) and len(set(li)) == 3
2026-06-13 18:36:21 [INFO] Runtime error: name 'sat' is not defined
2026-06-13 18:36:21 [INFO] 



2026-06-13 18:36:21 [INFO] number id: 21
2026-06-13 18:36:21 [INFO] label id: Study_22:0
2026-06-13 18:36:21 [INFO] puzzle content:
2026-06-13 18:36:21 [INFO] def sat(s: str):
    return s[::2] in s and len(set(s)) == 5
2026-06-13 18:36:30 [INFO] Runtime error: name 'sat' is not defined
2026-06-13 18:36:30 [INFO] 



2026-06-13 18:36:30 [INFO] number id: 22
2026-06-13 18:36:30 [INFO] label id: Study_23:0
2026-06-13 18:36:30 [INFO] puzzle content:
2026-06-13 18:36:30 [INFO] def sat(ls: List[str]):
    return tuple(ls) in zip('dee', 'doo', 'dah!')
2026-06-13 18:36:40 [INFO] Runtime error: name 'sat' is not defined
2026-06-13 18:36:40 [INFO] 



2026-06-13 18:36:40 [INFO] number id: 23
2026-06-13 18:36:40 [INFO] label id: Study_24:0
2026-06-13 18:36:40 [INFO] puzzle content:
2026-06-13 18:36:40 [INFO] def sat(li: List[int]):
    return li.count(17) == 3 and li.count(3) >= 2
2026-06-13 18:36:46 [INFO] Runtime error: name 'sat' is not defined
2026-06-13 18:36:46 [INFO] 



2026-06-13 18:36:46 [INFO] number id: 24
2026-06-13 18:36:46 [INFO] label id: Study_25:0
2026-06-13 18:36:46 [INFO] puzzle content:
2026-06-13 18:36:46 [INFO] def sat(s: str):
    return sorted(s) == sorted('Permute me true') and s == s[::-1]
2026-06-13 18:36:57 [INFO] Runtime error: name 'sat' is not defined
2026-06-13 18:36:57 [INFO] 



2026-06-13 18:36:57 [INFO] number id: 25
2026-06-13 18:36:57 [INFO] label id: Study_26:0
2026-06-13 18:36:57 [INFO] puzzle content:
2026-06-13 18:36:57 [INFO] def sat(ls: List[str]):
    return "".join(ls) == str(8 ** 88) and all(len(s) == 8 for s in ls)
2026-06-13 18:37:11 [INFO] Runtime error: name 'sat' is not defined
2026-06-13 18:37:11 [INFO] 



2026-06-13 18:37:11 [INFO] number id: 26
2026-06-13 18:37:11 [INFO] label id: Study_27:0
2026-06-13 18:37:11 [INFO] puzzle content:
2026-06-13 18:37:11 [INFO] def sat(li: List[int]):
    return li[li[0]] != li[li[1]] and li[li[li[0]]] == li[li[li[1]]]
2026-06-13 18:37:31 [INFO] Runtime error: invalid syntax (<string>, line 1)
2026-06-13 18:37:31 [INFO] 



2026-06-13 18:37:31 [INFO] number id: 27
2026-06-13 18:37:31 [INFO] label id: Study_28:0
2026-06-13 18:37:31 [INFO] puzzle content:
2026-06-13 18:37:31 [INFO] def sat(li: List[int]):
    return all(i in range(1000) and abs(i - j) >= 10 for i in li for j in li if i != j) and len(set(li)) == 100
2026-06-13 18:37:53 [INFO] Runtime error: name 'sat' is not defined
2026-06-13 18:37:53 [INFO] 



2026-06-13 18:37:53 [INFO] number id: 28
2026-06-13 18:37:53 [INFO] label id: Study_29:0
2026-06-13 18:37:53 [INFO] puzzle content:
2026-06-13 18:37:53 [INFO] def sat(l: List[int]):
    return all(i in range(1000) and abs(i * i - j * j) >= 10 for i in l for j in l if i != j) and len(set(l)) > 995
2026-06-13 18:38:23 [INFO] Runtime error: name 'sat' is not defined
2026-06-13 18:38:23 [INFO] 



2026-06-13 18:38:23 [INFO] number id: 29
2026-06-13 18:38:23 [INFO] label id: Study_30:0
2026-06-13 18:38:23 [INFO] puzzle content:
2026-06-13 18:38:23 [INFO] def sat(li: List[int]):
    return all([123 * li[i] % 1000 < 123 * li[i + 1] % 1000 and li[i] in range(1000) for i in range(20)])
2026-06-13 18:38:37 [INFO] Runtime error: name 'sat' is not defined
2026-06-13 18:38:37 [INFO] 



2026-06-13 18:38:37 [INFO] number id: 30
2026-06-13 18:38:37 [INFO] label id: TowersOfHanoi:0
2026-06-13 18:38:37 [INFO] puzzle content:
2026-06-13 18:38:37 [INFO] def sat(moves: List[List[int]]):
    rods = ([8, 7, 6, 5, 4, 3, 2, 1], [], [])
    for [i, j] in moves:
        rods[j].append(rods[i].pop())
        assert rods[j][-1] == min(rods[j]), "larger disk on top of smaller disk"
    return rods[0] == rods[1] == []
2026-06-13 18:39:04 [INFO] Runtime error: name 'sat' is not defined
2026-06-13 18:39:04 [INFO] 



2026-06-13 18:39:04 [INFO] number id: 31
2026-06-13 18:39:04 [INFO] label id: TowersOfHanoiArbitrary:0
2026-06-13 18:39:04 [INFO] puzzle content:
2026-06-13 18:39:04 [INFO] def sat(moves: List[List[int]], source=[[0, 7], [4, 5, 6], [1, 2, 3, 8]], target=[[0, 1, 2, 3, 8], [4, 5], [6, 7]]):
    state = [s[:] for s in source]

    for [i, j] in moves:
        state[j].append(state[i].pop())
        assert state[j] == sorted(state[j])

    return state == target
2026-06-13 18:39:24 [INFO] Runtime error: name 'sat' is not defined
2026-06-13 18:39:24 [INFO] 



2026-06-13 18:39:24 [INFO] number id: 32
2026-06-13 18:39:24 [INFO] label id: TowersOfHanoiArbitrary:1
2026-06-13 18:39:24 [INFO] puzzle content:
2026-06-13 18:39:24 [INFO] def sat(moves: List[List[int]], source=[[1, 3, 5], [2, 8, 14], [0, 4, 6, 7, 9, 10, 11, 12, 13]], target=[[5, 12], [0, 3, 4, 7, 10, 11], [1, 2, 6, 8, 9, 13, 14]]):
    state = [s[:] for s in source]

    for [i, j] in moves:
        state[j].append(state[i].pop())
        assert state[j] == sorted(state[j])

    return state == target
2026-06-13 18:39:50 [INFO] Runtime error: name 'sat' is not defined
2026-06-13 18:39:50 [INFO] 



2026-06-13 18:39:50 [INFO] number id: 33
2026-06-13 18:39:50 [INFO] label id: TowersOfHanoiArbitrary:2
2026-06-13 18:39:50 [INFO] puzzle content:
2026-06-13 18:39:50 [INFO] def sat(moves: List[List[int]], source=[[0, 1, 6, 7, 8, 9, 14, 16], [5, 15], [2, 3, 4, 10, 11, 12, 13]], target=[[1, 2, 4, 5, 13], [3, 6, 11, 12, 14], [0, 7, 8, 9, 10, 15, 16]]):
    state = [s[:] for s in source]

    for [i, j] in moves:
        state[j].append(state[i].pop())
        assert state[j] == sorted(state[j])

    return state == target
2026-06-13 18:40:10 [INFO] Runtime error: name 'sat' is not defined
2026-06-13 18:40:10 [INFO] 



2026-06-13 18:40:10 [INFO] number id: 34
2026-06-13 18:40:10 [INFO] label id: TowersOfHanoiArbitrary:3
2026-06-13 18:40:10 [INFO] puzzle content:
2026-06-13 18:40:10 [INFO] def sat(moves: List[List[int]], source=[[2, 11, 12, 16], [1, 3, 6, 8, 9, 10, 13], [0, 4, 5, 7, 14, 15]], target=[[0, 2, 3, 5, 7, 8, 14, 16], [9, 11, 12, 13, 15], [1, 4, 6, 10]]):
    state = [s[:] for s in source]

    for [i, j] in moves:
        state[j].append(state[i].pop())
        assert state[j] == sorted(state[j])

    return state == target
2026-06-13 18:40:29 [INFO] Runtime error: name 'sat' is not defined
2026-06-13 18:40:29 [INFO] 



2026-06-13 18:40:29 [INFO] number id: 35
2026-06-13 18:40:29 [INFO] label id: TowersOfHanoiArbitrary:4
2026-06-13 18:40:29 [INFO] puzzle content:
2026-06-13 18:40:29 [INFO] def sat(moves: List[List[int]], source=[[5, 6], [1, 2, 4], [0, 3]], target=[[2, 3, 4, 6], [0, 1], [5]]):
    state = [s[:] for s in source]

    for [i, j] in moves:
        state[j].append(state[i].pop())
        assert state[j] == sorted(state[j])

    return state == target
2026-06-13 18:40:46 [INFO] Runtime error: name 'sat' is not defined
2026-06-13 18:40:46 [INFO] 



2026-06-13 18:40:46 [INFO] number id: 36
2026-06-13 18:40:46 [INFO] label id: LongestMonotonicSubstring:0
2026-06-13 18:40:46 [INFO] puzzle content:
2026-06-13 18:40:46 [INFO] def sat(x: List[int], length=13, s="Dynamic programming solves this puzzle!!!"):
    return all(s[x[i]] <= s[x[i + 1]] and x[i + 1] > x[i] >= 0 for i in range(length - 1))
2026-06-13 18:41:07 [INFO] Runtime error: name 'sat' is not defined
2026-06-13 18:41:07 [INFO] 



2026-06-13 18:41:07 [INFO] number id: 37
2026-06-13 18:41:07 [INFO] label id: LongestMonotonicSubstring:1
2026-06-13 18:41:07 [INFO] puzzle content:
2026-06-13 18:41:07 [INFO] def sat(x: List[int], length=193, s="    !!\"\"\"#$$%&&')''((()!))****X**++,,,,---...///0111114445556888::::;s;;<<==,=>>>>ABBBBBCDEEEEEEEFGHIIKKKKLMNOOPPPQQQRRRRASUUUVVVWWXXZZZ[]]]!``aEaabbbccccPcdeeeeefghjjjjkkkllmmooooKpppppqsttwt'$ww=wLwwyyyyzz{"):
    return all(s[x[i]] <= s[x[i + 1]] and x[i + 1] > x[i] >= 0 for i in range(length - 1))
2026-06-13 18:41:31 [INFO] Runtime error: name 'sat' is not defined
2026-06-13 18:41:31 [INFO] 



2026-06-13 18:41:31 [INFO] number id: 38
2026-06-13 18:41:31 [INFO] label id: LongestMonotonicSubstring:2
2026-06-13 18:41:31 [INFO] puzzle content:
2026-06-13 18:41:31 [INFO] def sat(x: List[int], length=737, s="    _   !m!!!!!!!!!!!V!\"=\"\"\"\"\"l#####$$r$$$$$$$$$%%%%%&&&&&&y&''''''@'''''<(((())))))******+++++++p,,,,,!,-----w-----o-....,.......//////D000000000000111111111222222,23h33c33334444444'4455555555566666R6@9777777T7888888-8994999999999::::::::::;;;;;;;P;;;<<<:<<^<)<<sn<<<====u=*=>>>>>>>>>???A?j??8??.?@@O@@@@@@ArAA&ABBBBBBBBBCCCCCDDDEEEEEEEEE%E(EEEEEFF!FFG-GGGGGGGGHHCHHHIGIsIIIInIIIIJJJRJFJJKKKKKKa0K<KKLL.LLLLLLMMMnMMM_MMMNNNONNOOOOOPPPP4LPPPPQQ\\QQQbQQQ7QQRRRRR\"RRSSSSSSTTgTTTTUUtUUUUUVVVVVVVVVVVqVVVMWWRWWWWWWWW%XXXXXXXXXXYYYYYZZZZZZZZZ2y[S[[[I[[[[\\$g\"\\\\\\\\T]]]]]]]]]]^^o^^______________`?&`I`y````aaaaaabbbbcccccc3ddddIu;L*dddeeee#eee]ffff1f]=fffffffffgggghhxhhhhhhiigiiiiiiiDiiCiiiijLjjIljjjjjjjkklllllmmmmJymmmmnnnnMnnnnnnoooiobooXoopppppqy5qqqdqqrrIrrrrJrssssssssTsstt'ttttZttt@tttuluuuuu0uuuvvxvvvv\\vv3vvvvwwwwwwba.wwx4xxxxxxxxxxxxxJyyyyyyyyyyzzzzzzzz{{{{{{{{"):
    return all(s[x[i]] <= s[x[i + 1]] and x[i + 1] > x[i] >= 0 for i in range(length - 1))
2026-06-13 18:41:51 [INFO] Runtime error: unterminated string literal (detected at line 1) (<string>, line 1)
2026-06-13 18:41:51 [INFO] 



2026-06-13 18:41:51 [INFO] number id: 39
2026-06-13 18:41:51 [INFO] label id: LongestMonotonicSubstring:3
2026-06-13 18:41:51 [INFO] puzzle content:
2026-06-13 18:41:51 [INFO] def sat(x: List[int], length=0, s=""):
    return all(s[x[i]] <= s[x[i + 1]] and x[i + 1] > x[i] >= 0 for i in range(length - 1))
2026-06-13 18:42:10 [INFO] Runtime error: invalid syntax (<string>, line 1)
2026-06-13 18:42:10 [INFO] 



2026-06-13 18:42:10 [INFO] number id: 40
2026-06-13 18:42:10 [INFO] label id: LongestMonotonicSubstring:4
2026-06-13 18:42:10 [INFO] puzzle content:
2026-06-13 18:42:10 [INFO] def sat(x: List[int], length=1, s="xwV"):
    return all(s[x[i]] <= s[x[i + 1]] and x[i + 1] > x[i] >= 0 for i in range(length - 1))
2026-06-13 18:42:35 [INFO] Runtime error: name 'sat' is not defined
2026-06-13 18:42:35 [INFO] 



2026-06-13 18:42:35 [INFO] number id: 41
2026-06-13 18:42:35 [INFO] label id: LongestMonotonicSubstringTricky:0
2026-06-13 18:42:35 [INFO] puzzle content:
2026-06-13 18:42:35 [INFO] def sat(x: List[int], length=20, s="Dynamic programming solves this classic job-interview puzzle!!!"):
    return all(s[x[i]] <= s[x[i + 1]] and x[i + 1] > x[i] for i in range(length - 1))
2026-06-13 18:42:56 [INFO] Runtime error: name 'sat' is not defined
2026-06-13 18:42:56 [INFO] 



2026-06-13 18:42:56 [INFO] number id: 42
2026-06-13 18:42:56 [INFO] label id: LongestMonotonicSubstringTricky:1
2026-06-13 18:42:56 [INFO] puzzle content:
2026-06-13 18:42:56 [INFO] def sat(x: List[int], length=535, s="RRRS  S !L!eSSSS!TTT+!TTTUU!!UU!UU\"U\"\"\"VVV\"\"\"VK#WW##gfW##X##6$$X$XX@$XXP%%%YY%+YY%&ZZ)%ZZ&#Z&[&[[[[\\'\\\\]\\\\]''']]']]]^^(^R^((^))^)^^*^_*_L____**;**_``*```++`+`+[+++``,m,,`,,-aa@aa[a-arb-b--b(vzbb-.b.6.ccc.cKcc.cc//c/cc//dddddd/0deeeee000e0f0ff0f01ff11f1<1gg;g12R2g22233gg33g333g3g445555566ghhh66799h9hhh9h999iEii/iYi::i::j:jvv:;;;;jj<j<<k===kkkk===ll=l=l>>l>ll0>l>m>m@mmm??0m^,?nn???n?sn@@oo@DobAAooAo7AAppppBqC$qqqqCCCCqqqqrDrrrrrrrDbrsDDDEsEs9asssfttEtttEEEtEEtFFtuuLFuuuFFFvF0FGvGGGvvvvRwwwwxGHxHHHx+HIxxIexxIIyyyPCyyyII,yIyyIzIJzJJQJzKzzKz{KK{{{{{[K{K{KK{?{KLLLLLLLMMM>NNNNNOOOOOOOOPPPQQQQQQQRRR"):
    return all(s[x[i]] <= s[x[i + 1]] and x[i + 1] > x[i] for i in range(length - 1))
2026-06-13 18:43:22 [INFO] Runtime error: invalid syntax (<string>, line 1)
2026-06-13 18:43:22 [INFO] 



2026-06-13 18:43:22 [INFO] number id: 43
2026-06-13 18:43:22 [INFO] label id: LongestMonotonicSubstringTricky:2
2026-06-13 18:43:22 [INFO] puzzle content:
2026-06-13 18:43:22 [INFO] def sat(x: List[int], length=1, s="O!A{SeKv"):
    return all(s[x[i]] <= s[x[i + 1]] and x[i + 1] > x[i] for i in range(length - 1))
2026-06-13 18:43:40 [INFO] Runtime error: name 'sat' is not defined
2026-06-13 18:43:40 [INFO] 



2026-06-13 18:43:40 [INFO] number id: 44
2026-06-13 18:43:40 [INFO] label id: LongestMonotonicSubstringTricky:3
2026-06-13 18:43:40 [INFO] puzzle content:
2026-06-13 18:43:40 [INFO] def sat(x: List[int], length=61, s=" OW##P%T'UW)X+X-YY]^_`bd/044e5egk7lm779:<m?D@ADnnpDEFIpNNOqqwxx"):
    return all(s[x[i]] <= s[x[i + 1]] and x[i + 1] > x[i] for i in range(length - 1))
2026-06-13 18:44:03 [INFO] Runtime error: name 'sat' is not defined
2026-06-13 18:44:03 [INFO] 



2026-06-13 18:44:03 [INFO] number id: 45
2026-06-13 18:44:03 [INFO] label id: LongestMonotonicSubstringTricky:4
2026-06-13 18:44:03 [INFO] puzzle content:
2026-06-13 18:44:03 [INFO] def sat(x: List[int], length=19, s="1>C>DmJh5\"Ju,\"Q8zJ_u-O-VfnVTZ?W'm=jq.\\l&%m$cU.nqv2\\**.o\">]FZ5owil>l*kIM wcLd<*UX`\"_u'DC3R$8wr;jT]CW\"F$QKeRPMzZY'U42&Km dRr8b$T3x)w2v,_k(dR,F:`=c$MjE_Kf/KCXFg^ueiO.U%S8_](:GF;`2`^O%eAqSRAHW0dYg5!u<ZV@usa`-<<ET@xZ)&<6=ogIhp9jJ/`$/_jEa-N$oZVT6#]^]x5u!$ Xk?g=TMwVGZqTU(OeH!Jbgz!9`%yxq(GN+@yD6RM1M#:geJpIPw1l{xxK!z'tXS5-S+vvE(nO:I_`l14Gz@U^.Ra73g!iH\\\"0{*>F@K'q>2HgCc^:baOy[,9vJtFWPAed2w_7zHLl&.x^:XLwwtS+Ocr#, *qXmo9Sp,Z>{l&ElT>RNZ:.5f6,yedMqH8?jA=_@oK;X\\pm>r0Il0+k\\,&'u*(S`]>u?(4M\\3=0 F<Jh?v`wz85A=?q3FUP<HiW[t0QB-Dx=e=ggmY29G4[HR!4i-*y@s$0)E'XPud6)gt(O[RWVf]ci,4.(:  8H[**k[g* T`z.Y2)Oq5`R8H$$joU/xfl*e4 \\z>*MS8wqj0(HwK?gvpuma{V5inBL\",39`%*r$uPi=%:s!<?{FCb-zILUAT?kdy\"B;sfYu#DoVp-'+]z:/c8eo2v&UAoeXEe:w#JZHKR\\3Xmxf'9jlHli*PTR-y`sdqRnv=;E$s]m!%I*`<*&.5N)wrI\"C=4^9RP5'9[5\"uG(4YU{3_aPHffi<E*+nVYQq37UP(P#wU9;p0Si.vyM1e?tXWZ9dRho1i!(we-<waQrvITH6vkTCG2 9hxMvtZ8QdR%WQ[B^0X1B;Vm&g/o=;YlD5[`Oh"):
    return all(s[x[i]] <= s[x[i + 1]] and x[i + 1] > x[i] for i in range(length - 1))
2026-06-13 18:44:18 [INFO] Runtime error: name 'sat' is not defined
2026-06-13 18:44:18 [INFO] 



2026-06-13 18:44:18 [INFO] number id: 46
2026-06-13 18:44:18 [INFO] label id: Quine:0
2026-06-13 18:44:18 [INFO] puzzle content:
2026-06-13 18:44:18 [INFO] def sat(quine: str):
    return eval(quine) == quine
2026-06-13 18:44:28 [INFO] Runtime error: name 'sat' is not defined
2026-06-13 18:44:28 [INFO] 



2026-06-13 18:44:28 [INFO] number id: 47
2026-06-13 18:44:28 [INFO] label id: RevQuine:0
2026-06-13 18:44:28 [INFO] puzzle content:
2026-06-13 18:44:28 [INFO] def sat(rev_quine: str):
    return eval(rev_quine[::-1]) == rev_quine
2026-06-13 18:44:36 [INFO] Runtime error: name 'sat' is not defined
2026-06-13 18:44:36 [INFO] 



2026-06-13 18:44:36 [INFO] number id: 48
2026-06-13 18:44:36 [INFO] label id: BooleanPythagoreanTriples:0
2026-06-13 18:44:36 [INFO] puzzle content:
2026-06-13 18:44:36 [INFO] def sat(colors: List[int], n=100):
    assert set(colors) <= {0, 1} and len(colors) >= n
    squares = {i ** 2: colors[i] for i in range(1, len(colors))}
    return not any(c == d == squares.get(i + j) for i, c in squares.items() for j, d in squares.items())
2026-06-13 18:44:49 [INFO] Runtime error: name 'sat' is not defined
2026-06-13 18:44:49 [INFO] 



2026-06-13 18:44:49 [INFO] number id: 49
2026-06-13 18:44:49 [INFO] label id: BooleanPythagoreanTriples:1
2026-06-13 18:44:49 [INFO] puzzle content:
2026-06-13 18:44:49 [INFO] def sat(colors: List[int], n=7824):
    assert set(colors) <= {0, 1} and len(colors) >= n
    squares = {i ** 2: colors[i] for i in range(1, len(colors))}
    return not any(c == d == squares.get(i + j) for i, c in squares.items() for j, d in squares.items())
2026-06-13 18:45:07 [INFO] Runtime error: name 'sat' is not defined
2026-06-13 18:45:07 [INFO] 



2026-06-13 18:45:07 [INFO] number id: 50
2026-06-13 18:45:07 [INFO] label id: BooleanPythagoreanTriples:2
2026-06-13 18:45:07 [INFO] puzzle content:
2026-06-13 18:45:07 [INFO] def sat(colors: List[int], n=0):
    assert set(colors) <= {0, 1} and len(colors) >= n
    squares = {i ** 2: colors[i] for i in range(1, len(colors))}
    return not any(c == d == squares.get(i + j) for i, c in squares.items() for j, d in squares.items())
2026-06-13 18:45:27 [INFO] Runtime error: name 'sat' is not defined
2026-06-13 18:45:27 [INFO] 



2026-06-13 18:45:27 [INFO] number id: 51
2026-06-13 18:45:27 [INFO] label id: BooleanPythagoreanTriples:3
2026-06-13 18:45:27 [INFO] puzzle content:
2026-06-13 18:45:27 [INFO] def sat(colors: List[int], n=1):
    assert set(colors) <= {0, 1} and len(colors) >= n
    squares = {i ** 2: colors[i] for i in range(1, len(colors))}
    return not any(c == d == squares.get(i + j) for i, c in squares.items() for j, d in squares.items())
2026-06-13 18:45:45 [INFO] Runtime error: name 'sat' is not defined
2026-06-13 18:45:45 [INFO] 



2026-06-13 18:45:45 [INFO] number id: 52
2026-06-13 18:45:45 [INFO] label id: ClockAngle:0
2026-06-13 18:45:45 [INFO] puzzle content:
2026-06-13 18:45:45 [INFO] def sat(hands: List[int], target_angle=45):
    h, m = hands
    assert 0 < h <= 12 and 0 <= m < 60
    hour_angle = 30 * h + m / 2
    minute_angle = 6 * m
    return abs(hour_angle - minute_angle) in [target_angle, 360 - target_angle]
2026-06-13 18:46:06 [INFO] Runtime error: name 'sat' is not defined
2026-06-13 18:46:06 [INFO] 



2026-06-13 18:46:06 [INFO] number id: 53
2026-06-13 18:46:06 [INFO] label id: ClockAngle:1
2026-06-13 18:46:06 [INFO] puzzle content:
2026-06-13 18:46:06 [INFO] def sat(hands: List[int], target_angle=39):
    h, m = hands
    assert 0 < h <= 12 and 0 <= m < 60
    hour_angle = 30 * h + m / 2
    minute_angle = 6 * m
    return abs(hour_angle - minute_angle) in [target_angle, 360 - target_angle]
2026-06-13 18:46:20 [INFO] Runtime error: name 'sat' is not defined
2026-06-13 18:46:20 [INFO] 



2026-06-13 18:46:20 [INFO] number id: 54
2026-06-13 18:46:20 [INFO] label id: ClockAngle:2
2026-06-13 18:46:20 [INFO] puzzle content:
2026-06-13 18:46:20 [INFO] def sat(hands: List[int], target_angle=133):
    h, m = hands
    assert 0 < h <= 12 and 0 <= m < 60
    hour_angle = 30 * h + m / 2
    minute_angle = 6 * m
    return abs(hour_angle - minute_angle) in [target_angle, 360 - target_angle]
2026-06-13 18:46:41 [INFO] Runtime error: name 'sat' is not defined
2026-06-13 18:46:41 [INFO] 



2026-06-13 18:46:41 [INFO] number id: 55
2026-06-13 18:46:41 [INFO] label id: ClockAngle:3
2026-06-13 18:46:41 [INFO] puzzle content:
2026-06-13 18:46:41 [INFO] def sat(hands: List[int], target_angle=138):
    h, m = hands
    assert 0 < h <= 12 and 0 <= m < 60
    hour_angle = 30 * h + m / 2
    minute_angle = 6 * m
    return abs(hour_angle - minute_angle) in [target_angle, 360 - target_angle]
2026-06-13 18:47:01 [INFO] Runtime error: name 'sat' is not defined
2026-06-13 18:47:01 [INFO] 



2026-06-13 18:47:01 [INFO] number id: 56
2026-06-13 18:47:01 [INFO] label id: ClockAngle:4
2026-06-13 18:47:01 [INFO] puzzle content:
2026-06-13 18:47:01 [INFO] def sat(hands: List[int], target_angle=68):
    h, m = hands
    assert 0 < h <= 12 and 0 <= m < 60
    hour_angle = 30 * h + m / 2
    minute_angle = 6 * m
    return abs(hour_angle - minute_angle) in [target_angle, 360 - target_angle]
2026-06-13 18:47:20 [INFO] Runtime error: name 'sat' is not defined
2026-06-13 18:47:20 [INFO] 



2026-06-13 18:47:20 [INFO] number id: 57
2026-06-13 18:47:20 [INFO] label id: Kirkman:0
2026-06-13 18:47:20 [INFO] puzzle content:
2026-06-13 18:47:20 [INFO] def sat(daygroups: List[List[List[int]]]):
    assert len(daygroups) == 7
    assert all(len(groups) == 5 and {i for g in groups for i in g} == set(range(15)) for groups in daygroups)
    assert all(len(g) == 3 for groups in daygroups for g in groups)
    return len({(i, j) for groups in daygroups for g in groups for i in g for j in g}) == 15 * 15
2026-06-13 18:47:40 [INFO] Runtime error: name 'sat' is not defined
2026-06-13 18:47:40 [INFO] 



2026-06-13 18:47:40 [INFO] number id: 58
2026-06-13 18:47:40 [INFO] label id: MonkeyAndCoconuts:0
2026-06-13 18:47:40 [INFO] puzzle content:
2026-06-13 18:47:40 [INFO] def sat(n: int):
    for i in range(5):
        assert n % 5 == 1
        n -= 1 + (n - 1) // 5
    return n > 0 and n % 5 == 1
2026-06-13 18:48:47 [INFO] Runtime error: invalid literal for int() with base 10: 'Since n=6 fails, we need to find an n that survives 5 iterations. Let’s work backwards from a final n that satisfies n>0 and n%5==1.\n\nLet the final n be 1 (smallest). Reverse the iteration: before 
2026-06-13 18:48:47 [INFO] 



2026-06-13 18:48:47 [INFO] number id: 59
2026-06-13 18:48:47 [INFO] label id: No3Colinear:0
2026-06-13 18:48:47 [INFO] puzzle content:
2026-06-13 18:48:47 [INFO] def sat(coords: List[List[int]], side=10, num_points=20):
    for i1 in range(len(coords)):
        x1, y1 = coords[i1]
        assert 0 <= x1 < side and 0 <= y1 < side
        for i2 in range(i1):
            x2, y2 = coords[i2]
            for i3 in range(i2):
                x3, y3 = coords[i3]
                assert x1 * (y2 - y3) + x2 * (y3 - y1) + x3 * (y1 - y2) != 0
    return len({(a, b) for a, b in coords}) == len(coords) >= num_points
2026-06-13 18:48:58 [INFO] Runtime error: invalid syntax (<string>, line 1)
2026-06-13 18:48:58 [INFO] 



2026-06-13 18:48:58 [INFO] number id: 60
2026-06-13 18:48:58 [INFO] label id: No3Colinear:1
2026-06-13 18:48:58 [INFO] puzzle content:
2026-06-13 18:48:58 [INFO] def sat(coords: List[List[int]], side=0, num_points=0):
    for i1 in range(len(coords)):
        x1, y1 = coords[i1]
        assert 0 <= x1 < side and 0 <= y1 < side
        for i2 in range(i1):
            x2, y2 = coords[i2]
            for i3 in range(i2):
                x3, y3 = coords[i3]
                assert x1 * (y2 - y3) + x2 * (y3 - y1) + x3 * (y1 - y2) != 0
    return len({(a, b) for a, b in coords}) == len(coords) >= num_points
2026-06-13 18:49:09 [INFO] Runtime error: name 'sat' is not defined
2026-06-13 18:49:09 [INFO] 



2026-06-13 18:49:09 [INFO] number id: 61
2026-06-13 18:49:09 [INFO] label id: No3Colinear:2
2026-06-13 18:49:09 [INFO] puzzle content:
2026-06-13 18:49:09 [INFO] def sat(coords: List[List[int]], side=1, num_points=1):
    for i1 in range(len(coords)):
        x1, y1 = coords[i1]
        assert 0 <= x1 < side and 0 <= y1 < side
        for i2 in range(i1):
            x2, y2 = coords[i2]
            for i3 in range(i2):
                x3, y3 = coords[i3]
                assert x1 * (y2 - y3) + x2 * (y3 - y1) + x3 * (y1 - y2) != 0
    return len({(a, b) for a, b in coords}) == len(coords) >= num_points
2026-06-13 18:49:23 [INFO] Runtime error: name 'sat' is not defined
2026-06-13 18:49:23 [INFO] 



2026-06-13 18:49:23 [INFO] number id: 62
2026-06-13 18:49:23 [INFO] label id: No3Colinear:3
2026-06-13 18:49:23 [INFO] puzzle content:
2026-06-13 18:49:23 [INFO] def sat(coords: List[List[int]], side=2, num_points=4):
    for i1 in range(len(coords)):
        x1, y1 = coords[i1]
        assert 0 <= x1 < side and 0 <= y1 < side
        for i2 in range(i1):
            x2, y2 = coords[i2]
            for i3 in range(i2):
                x3, y3 = coords[i3]
                assert x1 * (y2 - y3) + x2 * (y3 - y1) + x3 * (y1 - y2) != 0
    return len({(a, b) for a, b in coords}) == len(coords) >= num_points
2026-06-13 18:49:43 [INFO] Runtime error: name 'sat' is not defined
2026-06-13 18:49:43 [INFO] 



2026-06-13 18:49:43 [INFO] number id: 63
2026-06-13 18:49:43 [INFO] label id: PostageStamp:0
2026-06-13 18:49:43 [INFO] puzzle content:
2026-06-13 18:49:43 [INFO] def sat(stamps: List[int], target=80, max_stamps=4, options=[10, 32, 8]):
    for s in stamps:
        assert s in options
    return len(stamps) <= max_stamps and sum(stamps) == target
2026-06-13 18:49:59 [INFO] Runtime error: name 'sat' is not defined
2026-06-13 18:49:59 [INFO] 



2026-06-13 18:49:59 [INFO] number id: 64
2026-06-13 18:49:59 [INFO] label id: PostageStamp:1
2026-06-13 18:49:59 [INFO] puzzle content:
2026-06-13 18:49:59 [INFO] def sat(stamps: List[int], target=271, max_stamps=8, options=[37, 37, 12, 87, 39]):
    for s in stamps:
        assert s in options
    return len(stamps) <= max_stamps and sum(stamps) == target
2026-06-13 18:50:22 [INFO] Runtime error: name 'sat' is not defined
2026-06-13 18:50:22 [INFO] 



2026-06-13 18:50:22 [INFO] number id: 65
2026-06-13 18:50:22 [INFO] label id: PostageStamp:2
2026-06-13 18:50:22 [INFO] puzzle content:
2026-06-13 18:50:22 [INFO] def sat(stamps: List[int], target=3, max_stamps=3, options=[18, 1, 43, 81]):
    for s in stamps:
        assert s in options
    return len(stamps) <= max_stamps and sum(stamps) == target
2026-06-13 18:50:46 [INFO] Runtime error: name 'sat' is not defined
2026-06-13 18:50:46 [INFO] 



2026-06-13 18:50:46 [INFO] number id: 66
2026-06-13 18:50:46 [INFO] label id: PostageStamp:3
2026-06-13 18:50:46 [INFO] puzzle content:
2026-06-13 18:50:46 [INFO] def sat(stamps: List[int], target=19, max_stamps=2, options=[19, 14, 81]):
    for s in stamps:
        assert s in options
    return len(stamps) <= max_stamps and sum(stamps) == target
2026-06-13 18:51:05 [INFO] Runtime error: name 'sat' is not defined
2026-06-13 18:51:05 [INFO] 



2026-06-13 18:51:05 [INFO] number id: 67
2026-06-13 18:51:05 [INFO] label id: PostageStamp:4
2026-06-13 18:51:05 [INFO] puzzle content:
2026-06-13 18:51:05 [INFO] def sat(stamps: List[int], target=56, max_stamps=1, options=[25, 22, 8, 84, 60, 56, 54, 7, 8]):
    for s in stamps:
        assert s in options
    return len(stamps) <= max_stamps and sum(stamps) == target
2026-06-13 18:51:22 [INFO] Runtime error: name 'sat' is not defined
2026-06-13 18:51:22 [INFO] 



2026-06-13 18:51:22 [INFO] number id: 68
2026-06-13 18:51:22 [INFO] label id: Sudoku:0
2026-06-13 18:51:22 [INFO] puzzle content:
2026-06-13 18:51:22 [INFO] def sat(x: str, puz="____9_2___7__________1_8_4____2_78____4_____1____69____2_8___5__6__3_7___49______"):
    assert all(c == "_" or c == s for (c, s) in zip(puz, x))

    full = set('123456789')
    for i in range(9):
        assert {x[i] for i in range(9 * i, 9 * i + 9)} == full, "invalid row"
        assert {x[i] for i in range(i, i + 81, 9)} == full, "invalid column"
        assert {x[9 * a + b + i + 26 * (i % 3)] for a in range(3) for b in range(3)} == full, "invalid square"

    return True
2026-06-13 18:51:51 [INFO] Runtime error: name 'sat' is not defined
2026-06-13 18:51:51 [INFO] 



2026-06-13 18:51:51 [INFO] number id: 69
2026-06-13 18:51:51 [INFO] label id: Sudoku:1
2026-06-13 18:51:51 [INFO] puzzle content:
2026-06-13 18:51:51 [INFO] def sat(x: str, puz="__2__1_3__9_7_____5______8_6___5_______12____2____3_68________9_1_8__4____7____25"):
    assert all(c == "_" or c == s for (c, s) in zip(puz, x))

    full = set('123456789')
    for i in range(9):
        assert {x[i] for i in range(9 * i, 9 * i + 9)} == full, "invalid row"
        assert {x[i] for i in range(i, i + 81, 9)} == full, "invalid column"
        assert {x[9 * a + b + i + 26 * (i % 3)] for a in range(3) for b in range(3)} == full, "invalid square"

    return True
2026-06-13 18:52:04 [INFO] Runtime error: name 'sat' is not defined
2026-06-13 18:52:04 [INFO] 



2026-06-13 18:52:04 [INFO] number id: 70
2026-06-13 18:52:04 [INFO] label id: Sudoku:2
2026-06-13 18:52:04 [INFO] puzzle content:
2026-06-13 18:52:04 [INFO] def sat(x: str, puz="__721__56__27___________9______5____62______1_1___9___8_____________3197__61__32_"):
    assert all(c == "_" or c == s for (c, s) in zip(puz, x))

    full = set('123456789')
    for i in range(9):
        assert {x[i] for i in range(9 * i, 9 * i + 9)} == full, "invalid row"
        assert {x[i] for i in range(i, i + 81, 9)} == full, "invalid column"
        assert {x[9 * a + b + i + 26 * (i % 3)] for a in range(3) for b in range(3)} == full, "invalid square"

    return True
2026-06-13 18:52:21 [INFO] Runtime error: name 'sat' is not defined
2026-06-13 18:52:21 [INFO] 



2026-06-13 18:52:21 [INFO] number id: 71
2026-06-13 18:52:21 [INFO] label id: Sudoku:3
2026-06-13 18:52:21 [INFO] puzzle content:
2026-06-13 18:52:21 [INFO] def sat(x: str, puz="_____42______7_____4______9__49___626_8__3___3_7__65_4_5_3__1__1____8_7__________"):
    assert all(c == "_" or c == s for (c, s) in zip(puz, x))

    full = set('123456789')
    for i in range(9):
        assert {x[i] for i in range(9 * i, 9 * i + 9)} == full, "invalid row"
        assert {x[i] for i in range(i, i + 81, 9)} == full, "invalid column"
        assert {x[9 * a + b + i + 26 * (i % 3)] for a in range(3) for b in range(3)} == full, "invalid square"

    return True
2026-06-13 18:52:42 [INFO] Runtime error: name 'sat' is not defined
2026-06-13 18:52:42 [INFO] 



2026-06-13 18:52:42 [INFO] number id: 72
2026-06-13 18:52:42 [INFO] label id: Sudoku:4
2026-06-13 18:52:42 [INFO] puzzle content:
2026-06-13 18:52:42 [INFO] def sat(x: str, puz="___56_4_7__92_4_65___3______9____2___5_______7___8___1_________43_____5_____76__2"):
    assert all(c == "_" or c == s for (c, s) in zip(puz, x))

    full = set('123456789')
    for i in range(9):
        assert {x[i] for i in range(9 * i, 9 * i + 9)} == full, "invalid row"
        assert {x[i] for i in range(i, i + 81, 9)} == full, "invalid column"
        assert {x[9 * a + b + i + 26 * (i % 3)] for a in range(3) for b in range(3)} == full, "invalid square"

    return True
2026-06-13 18:53:06 [INFO] Runtime error: name 'sat' is not defined
2026-06-13 18:53:06 [INFO] 



2026-06-13 18:53:06 [INFO] number id: 73
2026-06-13 18:53:06 [INFO] label id: SquaringTheSquare:0
2026-06-13 18:53:06 [INFO] puzzle content:
2026-06-13 18:53:06 [INFO] def sat(xy_sides: List[List[int]]):
    n = max(x + side for x, y, side in xy_sides)
    assert len({side for x, y, side in xy_sides}) == len(xy_sides) > 1
    for x, y, s in xy_sides:
        assert 0 <= y < y + s <= n and 0 <= x
        for x2, y2, s2 in xy_sides:
            assert s2 <= s or x2 >= x + s or x2 + s2 <= x or y2 >= y + s or y2 + s2 <= y

    return sum(side ** 2 for x, y, side in xy_sides) == n ** 2
2026-06-13 18:53:44 [INFO] Runtime error: invalid syntax (<string>, line 1)
2026-06-13 18:53:44 [INFO] 



2026-06-13 18:53:44 [INFO] number id: 74
2026-06-13 18:53:44 [INFO] label id: NecklaceSplit:0
2026-06-13 18:53:44 [INFO] puzzle content:
2026-06-13 18:53:44 [INFO] def sat(n: int, lace="bbrbrbbbbbbrrrrrrrbrrrrbbbrbrrbbbrbrrrbrrbrrbrbbrrrrrbrbbbrrrbbbrbbrbbbrbrbb"):
    sub = lace[n: n + len(lace) // 2]
    return n >= 0 and lace.count("r") == 2 * sub.count("r") and lace.count("b") == 2 * sub.count("b")
2026-06-13 18:54:02 [INFO] Runtime error: name 'sat' is not defined
2026-06-13 18:54:02 [INFO] 



2026-06-13 18:54:02 [INFO] number id: 75
2026-06-13 18:54:02 [INFO] label id: NecklaceSplit:1
2026-06-13 18:54:02 [INFO] puzzle content:
2026-06-13 18:54:02 [INFO] def sat(n: int, lace="rbbrrbbrbrbbbrrrbbrbrbrrbbrbbbbbbrrrrrrrrbrrrbbrbrrbbbrbbrrrbbrbbrrbrrbrbbrbbbbbbrbbbrbrbrrbrbbrbrrbbrrbrrbrrbrrbrbrbrrrbbrbrbbrrbbbbrrrrrbbrbrbrrbr"):
    sub = lace[n: n + len(lace) // 2]
    return n >= 0 and lace.count("r") == 2 * sub.count("r") and lace.count("b") == 2 * sub.count("b")
2026-06-13 18:54:31 [INFO] Runtime error: name 'sat' is not defined
2026-06-13 18:54:31 [INFO] 



2026-06-13 18:54:31 [INFO] number id: 76
2026-06-13 18:54:31 [INFO] label id: NecklaceSplit:2
2026-06-13 18:54:31 [INFO] puzzle content:
2026-06-13 18:54:31 [INFO] def sat(n: int, lace="brrrbrrbrbbbbbrrbbrr"):
    sub = lace[n: n + len(lace) // 2]
    return n >= 0 and lace.count("r") == 2 * sub.count("r") and lace.count("b") == 2 * sub.count("b")
2026-06-13 18:54:53 [INFO] Runtime error: name 'sat' is not defined
2026-06-13 18:54:53 [INFO] 



2026-06-13 18:54:53 [INFO] number id: 77
2026-06-13 18:54:53 [INFO] label id: NecklaceSplit:3
2026-06-13 18:54:53 [INFO] puzzle content:
2026-06-13 18:54:53 [INFO] def sat(n: int, lace="bbbbrrbbbbrrbbrrrbbrrbbrrrrrrrbrbrbbbrrbrrrbbbbbbbrbrbrbbbbbbbrrbbrbbrbrrbrbrrbbbrrrrrbrrbbrrrbbrbrrrbbbbrbbbrrrrbrbrrbbrbrbrbbrrbrrrbrbrrbbbbbbrbrrrrbbrbbbrbrrbrbbrbrrbbbbrrrrrbrrrbbrrrrrrbrrrbrbbbrbbbrrrbbr"):
    sub = lace[n: n + len(lace) // 2]
    return n >= 0 and lace.count("r") == 2 * sub.count("r") and lace.count("b") == 2 * sub.count("b")
2026-06-13 18:55:19 [INFO] Runtime error: name 'sat' is not defined
2026-06-13 18:55:19 [INFO] 



2026-06-13 18:55:19 [INFO] number id: 78
2026-06-13 18:55:19 [INFO] label id: NecklaceSplit:4
2026-06-13 18:55:19 [INFO] puzzle content:
2026-06-13 18:55:19 [INFO] def sat(n: int, lace="brrbbbrbbrrbrrbbrrbrrrbbrbbrrrbrbrbrrrrbbrrrbrrbbbbrbbbrrbbrrrbbrbrbbbbbrrbrrbbr"):
    sub = lace[n: n + len(lace) // 2]
    return n >= 0 and lace.count("r") == 2 * sub.count("r") and lace.count("b") == 2 * sub.count("b")
2026-06-13 18:55:39 [INFO] Runtime error: name 'sat' is not defined
2026-06-13 18:55:39 [INFO] 



2026-06-13 18:55:39 [INFO] number id: 79
2026-06-13 18:55:39 [INFO] label id: PandigitalSquare:0
2026-06-13 18:55:39 [INFO] puzzle content:
2026-06-13 18:55:39 [INFO] def sat(n: int):
    s = str(n * n)
    for i in "0123456789":
        assert s.count(i) == 1
    return True
2026-06-13 18:55:55 [INFO] Runtime error: name 'sat' is not defined
2026-06-13 18:55:55 [INFO] 



2026-06-13 18:55:55 [INFO] number id: 80
2026-06-13 18:55:55 [INFO] label id: AllPandigitalSquares:0
2026-06-13 18:55:55 [INFO] puzzle content:
2026-06-13 18:55:55 [INFO] def sat(nums: List[int]):
    return [sorted([int(s) for s in str(n * n)]) for n in set(nums)] == [list(range(10))] * 174
2026-06-13 18:56:21 [INFO] Runtime error: invalid syntax (<string>, line 1)
2026-06-13 18:56:21 [INFO] 



2026-06-13 18:56:21 [INFO] number id: 81
2026-06-13 18:56:21 [INFO] label id: CardGame24:0
2026-06-13 18:56:21 [INFO] puzzle content:
2026-06-13 18:56:21 [INFO] def sat(expr: str, nums=[3, 7, 3, 7]):
    assert len(nums) == 4 and 1 <= min(nums) and max(nums) <= 13, "hint: nums is a list of four ints in 1..13"
    expr = expr.replace(" ", "")  # ignore whitespace
    digits = ""
    for i in range(len(expr)):
        if i == 0 or expr[i - 1] in "+*-/(":
            assert expr[i] in "123456789(", "Expr cannot contain **, //, or unary -"
        assert expr[i] in "1234567890()+-*/", "Expr can only contain `0123456789()+-*/`"
        digits += expr[i] if expr[i] in "0123456789" else " "
    assert sorted(int(s) for s in digits.split()) == sorted(nums), "Each number must occur exactly once"
    return abs(eval(expr) - 24.0) < 1e-6
2026-06-13 18:56:34 [INFO] Runtime error: name 'sat' is not defined
2026-06-13 18:56:34 [INFO] 



2026-06-13 18:56:34 [INFO] number id: 82
2026-06-13 18:56:34 [INFO] label id: CardGame24:1
2026-06-13 18:56:34 [INFO] puzzle content:
2026-06-13 18:56:34 [INFO] def sat(expr: str, nums=[1, 3, 7, 13]):
    assert len(nums) == 4 and 1 <= min(nums) and max(nums) <= 13, "hint: nums is a list of four ints in 1..13"
    expr = expr.replace(" ", "")  # ignore whitespace
    digits = ""
    for i in range(len(expr)):
        if i == 0 or expr[i - 1] in "+*-/(":
            assert expr[i] in "123456789(", "Expr cannot contain **, //, or unary -"
        assert expr[i] in "1234567890()+-*/", "Expr can only contain `0123456789()+-*/`"
        digits += expr[i] if expr[i] in "0123456789" else " "
    assert sorted(int(s) for s in digits.split()) == sorted(nums), "Each number must occur exactly once"
    return abs(eval(expr) - 24.0) < 1e-6
2026-06-13 18:56:43 [INFO] Runtime error: name 'sat' is not defined
2026-06-13 18:56:43 [INFO] 



2026-06-13 18:56:43 [INFO] number id: 83
2026-06-13 18:56:43 [INFO] label id: CardGame24:2
2026-06-13 18:56:43 [INFO] puzzle content:
2026-06-13 18:56:43 [INFO] def sat(expr: str, nums=[10, 7, 3, 1]):
    assert len(nums) == 4 and 1 <= min(nums) and max(nums) <= 13, "hint: nums is a list of four ints in 1..13"
    expr = expr.replace(" ", "")  # ignore whitespace
    digits = ""
    for i in range(len(expr)):
        if i == 0 or expr[i - 1] in "+*-/(":
            assert expr[i] in "123456789(", "Expr cannot contain **, //, or unary -"
        assert expr[i] in "1234567890()+-*/", "Expr can only contain `0123456789()+-*/`"
        digits += expr[i] if expr[i] in "0123456789" else " "
    assert sorted(int(s) for s in digits.split()) == sorted(nums), "Each number must occur exactly once"
    return abs(eval(expr) - 24.0) < 1e-6
2026-06-13 18:56:56 [INFO] Runtime error: name 'sat' is not defined
2026-06-13 18:56:56 [INFO] 



2026-06-13 18:56:56 [INFO] number id: 84
2026-06-13 18:56:56 [INFO] label id: CardGame24:3
2026-06-13 18:56:56 [INFO] puzzle content:
2026-06-13 18:56:56 [INFO] def sat(expr: str, nums=[8, 3, 12, 1]):
    assert len(nums) == 4 and 1 <= min(nums) and max(nums) <= 13, "hint: nums is a list of four ints in 1..13"
    expr = expr.replace(" ", "")  # ignore whitespace
    digits = ""
    for i in range(len(expr)):
        if i == 0 or expr[i - 1] in "+*-/(":
            assert expr[i] in "123456789(", "Expr cannot contain **, //, or unary -"
        assert expr[i] in "1234567890()+-*/", "Expr can only contain `0123456789()+-*/`"
        digits += expr[i] if expr[i] in "0123456789" else " "
    assert sorted(int(s) for s in digits.split()) == sorted(nums), "Each number must occur exactly once"
    return abs(eval(expr) - 24.0) < 1e-6
2026-06-13 18:57:07 [INFO] Runtime error: name 'sat' is not defined
2026-06-13 18:57:07 [INFO] 



2026-06-13 18:57:07 [INFO] number id: 85
2026-06-13 18:57:07 [INFO] label id: CardGame24:4
2026-06-13 18:57:07 [INFO] puzzle content:
2026-06-13 18:57:07 [INFO] def sat(expr: str, nums=[10, 12, 1, 7]):
    assert len(nums) == 4 and 1 <= min(nums) and max(nums) <= 13, "hint: nums is a list of four ints in 1..13"
    expr = expr.replace(" ", "")  # ignore whitespace
    digits = ""
    for i in range(len(expr)):
        if i == 0 or expr[i - 1] in "+*-/(":
            assert expr[i] in "123456789(", "Expr cannot contain **, //, or unary -"
        assert expr[i] in "1234567890()+-*/", "Expr can only contain `0123456789()+-*/`"
        digits += expr[i] if expr[i] in "0123456789" else " "
    assert sorted(int(s) for s in digits.split()) == sorted(nums), "Each number must occur exactly once"
    return abs(eval(expr) - 24.0) < 1e-6
2026-06-13 18:57:17 [INFO] Runtime error: name 'sat' is not defined
2026-06-13 18:57:17 [INFO] 



2026-06-13 18:57:17 [INFO] number id: 86
2026-06-13 18:57:17 [INFO] label id: Easy63:0
2026-06-13 18:57:17 [INFO] puzzle content:
2026-06-13 18:57:17 [INFO] def sat(s: str):
    return set(s) <= set("18-+*/") and s.count("8") == 2 and s.count("1") == 1 and eval(s) == 63
2026-06-13 18:57:24 [INFO] Runtime error: name 'sat' is not defined
2026-06-13 18:57:24 [INFO] 



2026-06-13 18:57:24 [INFO] number id: 87
2026-06-13 18:57:24 [INFO] label id: Harder63:0
2026-06-13 18:57:24 [INFO] puzzle content:
2026-06-13 18:57:24 [INFO] def sat(s: str):
    return set(s) <= set("18-+*/") and s.count("8") == 3 and s.count("1") == 1 and eval(s) == 63
2026-06-13 18:57:34 [INFO] Runtime error: name 'sat' is not defined
2026-06-13 18:57:34 [INFO] 



2026-06-13 18:57:34 [INFO] number id: 88
2026-06-13 18:57:34 [INFO] label id: WaterPouring:0
2026-06-13 18:57:34 [INFO] puzzle content:
2026-06-13 18:57:34 [INFO] def sat(moves: List[List[int]], capacities=[8, 5, 3], init=[8, 0, 0], goal=[4, 4, 0]):
    state = init.copy()

    for [i, j] in moves:
        assert min(i, j) >= 0, "Indices must be non-negative"
        assert i != j, "Cannot pour from same state to itself"
        n = min(capacities[j], state[i] + state[j])
        state[i], state[j] = state[i] + state[j] - n, n

    return state == goal
2026-06-13 18:57:46 [INFO] Runtime error: name 'sat' is not defined
2026-06-13 18:57:46 [INFO] 



2026-06-13 18:57:46 [INFO] number id: 89
2026-06-13 18:57:46 [INFO] label id: WaterPouring:1
2026-06-13 18:57:46 [INFO] puzzle content:
2026-06-13 18:57:46 [INFO] def sat(moves: List[List[int]], capacities=[724, 43, 611], init=[72, 2, 269], goal=[56, 0, 287]):
    state = init.copy()

    for [i, j] in moves:
        assert min(i, j) >= 0, "Indices must be non-negative"
        assert i != j, "Cannot pour from same state to itself"
        n = min(capacities[j], state[i] + state[j])
        state[i], state[j] = state[i] + state[j] - n, n

    return state == goal
2026-06-13 18:57:56 [INFO] Runtime error: name 'sat' is not defined
2026-06-13 18:57:56 [INFO] 



2026-06-13 18:57:56 [INFO] number id: 90
2026-06-13 18:57:56 [INFO] label id: WaterPouring:2
2026-06-13 18:57:56 [INFO] puzzle content:
2026-06-13 18:57:56 [INFO] def sat(moves: List[List[int]], capacities=[357, 298, 492], init=[8, 284, 72], goal=[0, 0, 364]):
    state = init.copy()

    for [i, j] in moves:
        assert min(i, j) >= 0, "Indices must be non-negative"
        assert i != j, "Cannot pour from same state to itself"
        n = min(capacities[j], state[i] + state[j])
        state[i], state[j] = state[i] + state[j] - n, n

    return state == goal
2026-06-13 18:58:11 [INFO] Runtime error: name 'sat' is not defined
2026-06-13 18:58:11 [INFO] 



2026-06-13 18:58:11 [INFO] number id: 91
2026-06-13 18:58:11 [INFO] label id: WaterPouring:3
2026-06-13 18:58:11 [INFO] puzzle content:
2026-06-13 18:58:11 [INFO] def sat(moves: List[List[int]], capacities=[511, 625, 553], init=[472, 153, 127], goal=[97, 625, 30]):
    state = init.copy()

    for [i, j] in moves:
        assert min(i, j) >= 0, "Indices must be non-negative"
        assert i != j, "Cannot pour from same state to itself"
        n = min(capacities[j], state[i] + state[j])
        state[i], state[j] = state[i] + state[j] - n, n

    return state == goal
2026-06-13 18:58:27 [INFO] Runtime error: name 'sat' is not defined
2026-06-13 18:58:27 [INFO] 



2026-06-13 18:58:27 [INFO] number id: 92
2026-06-13 18:58:27 [INFO] label id: WaterPouring:4
2026-06-13 18:58:27 [INFO] puzzle content:
2026-06-13 18:58:27 [INFO] def sat(moves: List[List[int]], capacities=[86, 259, 281], init=[47, 18, 35], goal=[35, 0, 65]):
    state = init.copy()

    for [i, j] in moves:
        assert min(i, j) >= 0, "Indices must be non-negative"
        assert i != j, "Cannot pour from same state to itself"
        n = min(capacities[j], state[i] + state[j])
        state[i], state[j] = state[i] + state[j] - n, n

    return state == goal
2026-06-13 18:58:47 [INFO] Runtime error: name 'sat' is not defined
2026-06-13 18:58:47 [INFO] 



2026-06-13 18:58:47 [INFO] number id: 93
2026-06-13 18:58:47 [INFO] label id: VerbalArithmetic:0
2026-06-13 18:58:47 [INFO] puzzle content:
2026-06-13 18:58:47 [INFO] def sat(li: List[int], words=['SEND', 'MORE', 'MONEY']):
    assert len(li) == len(words) and all(i > 0 and len(str(i)) == len(w) for i, w in zip(li, words))
    assert len({c for w in words for c in w}) == len({(d, c) for i, w in zip(li, words) for d, c in zip(str(i), w)})
    return sum(li[:-1]) == li[-1]
2026-06-13 18:59:03 [INFO] Runtime error: name 'sat' is not defined
2026-06-13 18:59:03 [INFO] 



2026-06-13 18:59:03 [INFO] number id: 94
2026-06-13 18:59:03 [INFO] label id: VerbalArithmetic:1
2026-06-13 18:59:03 [INFO] puzzle content:
2026-06-13 18:59:03 [INFO] def sat(li: List[int], words=['FORTY', 'TEN', 'TEN', 'SIXTY']):
    assert len(li) == len(words) and all(i > 0 and len(str(i)) == len(w) for i, w in zip(li, words))
    assert len({c for w in words for c in w}) == len({(d, c) for i, w in zip(li, words) for d, c in zip(str(i), w)})
    return sum(li[:-1]) == li[-1]
2026-06-13 18:59:23 [INFO] Runtime error: name 'sat' is not defined
2026-06-13 18:59:23 [INFO] 



2026-06-13 18:59:23 [INFO] number id: 95
2026-06-13 18:59:23 [INFO] label id: VerbalArithmetic:2
2026-06-13 18:59:23 [INFO] puzzle content:
2026-06-13 18:59:23 [INFO] def sat(li: List[int], words=['GREEN', 'ORANGE', 'COLORS']):
    assert len(li) == len(words) and all(i > 0 and len(str(i)) == len(w) for i, w in zip(li, words))
    assert len({c for w in words for c in w}) == len({(d, c) for i, w in zip(li, words) for d, c in zip(str(i), w)})
    return sum(li[:-1]) == li[-1]
2026-06-13 18:59:51 [INFO] Runtime error: name 'sat' is not defined
2026-06-13 18:59:51 [INFO] 



2026-06-13 18:59:51 [INFO] number id: 96
2026-06-13 18:59:51 [INFO] label id: VerbalArithmetic:3
2026-06-13 18:59:51 [INFO] puzzle content:
2026-06-13 18:59:51 [INFO] def sat(li: List[int], words=['fqjb', 'awqw', 'lfll', 'fvvvb']):
    assert len(li) == len(words) and all(i > 0 and len(str(i)) == len(w) for i, w in zip(li, words))
    assert len({c for w in words for c in w}) == len({(d, c) for i, w in zip(li, words) for d, c in zip(str(i), w)})
    return sum(li[:-1]) == li[-1]
2026-06-13 19:00:11 [INFO] Runtime error: name 'sat' is not defined
2026-06-13 19:00:11 [INFO] 



2026-06-13 19:00:11 [INFO] number id: 97
2026-06-13 19:00:11 [INFO] label id: VerbalArithmetic:4
2026-06-13 19:00:11 [INFO] puzzle content:
2026-06-13 19:00:11 [INFO] def sat(li: List[int], words=['tnnq', 'sna', 'ajjc', 'isun', 'usub', 'caiun']):
    assert len(li) == len(words) and all(i > 0 and len(str(i)) == len(w) for i, w in zip(li, words))
    assert len({c for w in words for c in w}) == len({(d, c) for i, w in zip(li, words) for d, c in zip(str(i), w)})
    return sum(li[:-1]) == li[-1]
2026-06-13 19:00:34 [INFO] Runtime error: name 'sat' is not defined
2026-06-13 19:00:34 [INFO] 



2026-06-13 19:00:34 [INFO] number id: 98
2026-06-13 19:00:34 [INFO] label id: SlidingPuzzle:0
2026-06-13 19:00:34 [INFO] puzzle content:
2026-06-13 19:00:34 [INFO] def sat(moves: List[int], start=[[5, 0, 2, 3], [1, 9, 6, 7], [4, 14, 8, 11], [12, 13, 10, 15]]):

    locs = {i: [x, y] for y, row in enumerate(start) for x, i in enumerate(row)}  # locations, 0 stands for blank
    for i in moves:
        assert abs(locs[0][0] - locs[i][0]) + abs(locs[0][1] - locs[i][1]) == 1
        locs[0], locs[i] = locs[i], locs[0]
    return all(locs[i] == [i % len(start[0]), i // len(start)] for i in locs)
2026-06-13 19:01:03 [INFO] Runtime error: name 'sat' is not defined
2026-06-13 19:01:03 [INFO] 



2026-06-13 19:01:03 [INFO] number id: 99
2026-06-13 19:01:03 [INFO] label id: SlidingPuzzle:1
2026-06-13 19:01:03 [INFO] puzzle content:
2026-06-13 19:01:03 [INFO] def sat(moves: List[int], start=[[1, 5, 0], [3, 2, 8], [6, 4, 7]]):

    locs = {i: [x, y] for y, row in enumerate(start) for x, i in enumerate(row)}  # locations, 0 stands for blank
    for i in moves:
        assert abs(locs[0][0] - locs[i][0]) + abs(locs[0][1] - locs[i][1]) == 1
        locs[0], locs[i] = locs[i], locs[0]
    return all(locs[i] == [i % len(start[0]), i // len(start)] for i in locs)
2026-06-13 19:01:32 [INFO] Runtime error: name 'sat' is not defined
2026-06-13 19:01:32 [INFO] 



2026-06-13 19:01:32 [INFO] number id: 100
2026-06-13 19:01:32 [INFO] label id: SlidingPuzzle:2
2026-06-13 19:01:32 [INFO] puzzle content:
2026-06-13 19:01:32 [INFO] def sat(moves: List[int], start=[[6, 0, 3], [7, 1, 4], [8, 2, 5]]):

    locs = {i: [x, y] for y, row in enumerate(start) for x, i in enumerate(row)}  # locations, 0 stands for blank
    for i in moves:
        assert abs(locs[0][0] - locs[i][0]) + abs(locs[0][1] - locs[i][1]) == 1
        locs[0], locs[i] = locs[i], locs[0]
    return all(locs[i] == [i % len(start[0]), i // len(start)] for i in locs)
2026-06-13 19:01:47 [INFO] Runtime error: name 'sat' is not defined
2026-06-13 19:01:47 [INFO] 



2026-06-13 19:01:47 [INFO] number id: 101
2026-06-13 19:01:47 [INFO] label id: SlidingPuzzle:3
2026-06-13 19:01:47 [INFO] puzzle content:
2026-06-13 19:01:47 [INFO] def sat(moves: List[int], start=[[0, 1], [2, 3]]):

    locs = {i: [x, y] for y, row in enumerate(start) for x, i in enumerate(row)}  # locations, 0 stands for blank
    for i in moves:
        assert abs(locs[0][0] - locs[i][0]) + abs(locs[0][1] - locs[i][1]) == 1
        locs[0], locs[i] = locs[i], locs[0]
    return all(locs[i] == [i % len(start[0]), i // len(start)] for i in locs)
2026-06-13 19:02:07 [INFO] Runtime error: name 'sat' is not defined
2026-06-13 19:02:07 [INFO] 



2026-06-13 19:02:07 [INFO] number id: 102
2026-06-13 19:02:07 [INFO] label id: SlidingPuzzle:4
2026-06-13 19:02:07 [INFO] puzzle content:
2026-06-13 19:02:07 [INFO] def sat(moves: List[int], start=[[2, 1], [0, 3]]):

    locs = {i: [x, y] for y, row in enumerate(start) for x, i in enumerate(row)}  # locations, 0 stands for blank
    for i in moves:
        assert abs(locs[0][0] - locs[i][0]) + abs(locs[0][1] - locs[i][1]) == 1
        locs[0], locs[i] = locs[i], locs[0]
    return all(locs[i] == [i % len(start[0]), i // len(start)] for i in locs)
2026-06-13 19:02:26 [INFO] Runtime error: name 'sat' is not defined
2026-06-13 19:02:26 [INFO] 



2026-06-13 19:02:26 [INFO] number id: 103
2026-06-13 19:02:26 [INFO] label id: FindCloseElements:0
2026-06-13 19:02:26 [INFO] puzzle content:
2026-06-13 19:02:26 [INFO] def sat(pair: List[float], nums=[0.17, 21.3, 5.0, 9.0, 11.0, 4.99, 17.0, 17.0, 12.4, 6.8]):
    a, b = pair
    assert a in nums and b in nums and a != b
    return abs(a - b) == min(x - y for x in nums for y in nums if x > y)
2026-06-13 19:02:43 [INFO] Runtime error: name 'sat' is not defined
2026-06-13 19:02:43 [INFO] 



2026-06-13 19:02:43 [INFO] number id: 104
2026-06-13 19:02:43 [INFO] label id: FindCloseElements:1
2026-06-13 19:02:43 [INFO] puzzle content:
2026-06-13 19:02:43 [INFO] def sat(pair: List[float], nums=[-3.027185809375565, -6.642297851887924, -6.773598672960938, 8.692593210252113, 4.9144452253248225, -6.773598672960938, -9.228605102488878]):
    a, b = pair
    assert a in nums and b in nums and a != b
    return abs(a - b) == min(x - y for x in nums for y in nums if x > y)
2026-06-13 19:03:00 [INFO] Runtime error: name 'sat' is not defined
2026-06-13 19:03:00 [INFO] 



2026-06-13 19:03:00 [INFO] number id: 105
2026-06-13 19:03:00 [INFO] label id: FindCloseElements:2
2026-06-13 19:03:00 [INFO] puzzle content:
2026-06-13 19:03:00 [INFO] def sat(pair: List[float], nums=[-1.5625078353699955, 3.6482553468598375, -2.6412688082759868, -0.511423740751141, -2.6412688082759868, 5.648091691238367]):
    a, b = pair
    assert a in nums and b in nums and a != b
    return abs(a - b) == min(x - y for x in nums for y in nums if x > y)
2026-06-13 19:03:19 [INFO] Runtime error: name 'sat' is not defined
2026-06-13 19:03:19 [INFO] 



2026-06-13 19:03:19 [INFO] number id: 106
2026-06-13 19:03:19 [INFO] label id: FindCloseElements:3
2026-06-13 19:03:19 [INFO] puzzle content:
2026-06-13 19:03:19 [INFO] def sat(pair: List[float], nums=[4.183381104176473, 1.6210985169040963, 1.6210985169040963]):
    a, b = pair
    assert a in nums and b in nums and a != b
    return abs(a - b) == min(x - y for x in nums for y in nums if x > y)
2026-06-13 19:03:37 [INFO] Runtime error: name 'sat' is not defined
2026-06-13 19:03:37 [INFO] 



2026-06-13 19:03:37 [INFO] number id: 107
2026-06-13 19:03:37 [INFO] label id: FindCloseElements:4
2026-06-13 19:03:37 [INFO] puzzle content:
2026-06-13 19:03:37 [INFO] def sat(pair: List[float], nums=[2.3934380222903258, -7.674333581672553, 2.3934380222903258]):
    a, b = pair
    assert a in nums and b in nums and a != b
    return abs(a - b) == min(x - y for x in nums for y in nums if x > y)
2026-06-13 19:03:57 [INFO] Runtime error: name 'sat' is not defined
2026-06-13 19:03:57 [INFO] 



2026-06-13 19:03:57 [INFO] number id: 108
2026-06-13 19:03:57 [INFO] label id: SeparateParenGroups:0
2026-06-13 19:03:57 [INFO] puzzle content:
2026-06-13 19:03:57 [INFO] def sat(ls: List[str], combined="() (()) ((() () ())) (() )"):
    for s in ls:
        assert s.count("(") == s.count(")")
        assert all(s[:i].count("(") > s[:i].count(")") for i in range(1, len(s)))  # s is not further divisible
    return ''.join(ls) == combined.replace(' ', '')
2026-06-13 19:04:17 [INFO] Runtime error: name 'sat' is not defined
2026-06-13 19:04:17 [INFO] 



2026-06-13 19:04:17 [INFO] number id: 109
2026-06-13 19:04:17 [INFO] label id: SeparateParenGroups:1
2026-06-13 19:04:17 [INFO] puzzle content:
2026-06-13 19:04:17 [INFO] def sat(ls: List[str], combined="()  () "):
    for s in ls:
        assert s.count("(") == s.count(")")
        assert all(s[:i].count("(") > s[:i].count(")") for i in range(1, len(s)))  # s is not further divisible
    return ''.join(ls) == combined.replace(' ', '')
2026-06-13 19:04:36 [INFO] Runtime error: name 'sat' is not defined
2026-06-13 19:04:36 [INFO] 



2026-06-13 19:04:36 [INFO] number id: 110
2026-06-13 19:04:36 [INFO] label id: SeparateParenGroups:2
2026-06-13 19:04:36 [INFO] puzzle content:
2026-06-13 19:04:36 [INFO] def sat(ls: List[str], combined=" ((((() ())( ( ))())))   "):
    for s in ls:
        assert s.count("(") == s.count(")")
        assert all(s[:i].count("(") > s[:i].count(")") for i in range(1, len(s)))  # s is not further divisible
    return ''.join(ls) == combined.replace(' ', '')
2026-06-13 19:04:51 [INFO] Runtime error: name 'sat' is not defined
2026-06-13 19:04:51 [INFO] 



2026-06-13 19:04:51 [INFO] number id: 111
2026-06-13 19:04:51 [INFO] label id: SeparateParenGroups:3
2026-06-13 19:04:51 [INFO] puzzle content:
2026-06-13 19:04:51 [INFO] def sat(ls: List[str], combined="()   "):
    for s in ls:
        assert s.count("(") == s.count(")")
        assert all(s[:i].count("(") > s[:i].count(")") for i in range(1, len(s)))  # s is not further divisible
    return ''.join(ls) == combined.replace(' ', '')
2026-06-13 19:05:07 [INFO] Runtime error: name 'sat' is not defined
2026-06-13 19:05:07 [INFO] 



2026-06-13 19:05:07 [INFO] number id: 112
2026-06-13 19:05:07 [INFO] label id: SeparateParenGroups:4
2026-06-13 19:05:07 [INFO] puzzle content:
2026-06-13 19:05:07 [INFO] def sat(ls: List[str], combined="(() )(( )()  ) ((( (()))(()(()() ( )( ()) )( ( )( )) (() )) )()) (( ))    "):
    for s in ls:
        assert s.count("(") == s.count(")")
        assert all(s[:i].count("(") > s[:i].count(")") for i in range(1, len(s)))  # s is not further divisible
    return ''.join(ls) == combined.replace(' ', '')
2026-06-13 19:05:22 [INFO] Runtime error: name 'sat' is not defined
2026-06-13 19:05:22 [INFO] 



2026-06-13 19:05:22 [INFO] number id: 113
2026-06-13 19:05:22 [INFO] label id: Frac:0
2026-06-13 19:05:22 [INFO] puzzle content:
2026-06-13 19:05:22 [INFO] def sat(x: float, v=523.12892):
    return 0 <= x < 1 and (v - x).is_integer()
2026-06-13 19:05:33 [INFO] Runtime error: name 'sat' is not defined
2026-06-13 19:05:33 [INFO] 



2026-06-13 19:05:33 [INFO] number id: 114
2026-06-13 19:05:33 [INFO] label id: Frac:1
2026-06-13 19:05:33 [INFO] puzzle content:
2026-06-13 19:05:33 [INFO] def sat(x: float, v=93.86070917102649):
    return 0 <= x < 1 and (v - x).is_integer()
2026-06-13 19:05:52 [INFO] Runtime error: name 'sat' is not defined
2026-06-13 19:05:52 [INFO] 



2026-06-13 19:05:52 [INFO] number id: 115
2026-06-13 19:05:52 [INFO] label id: Frac:2
2026-06-13 19:05:52 [INFO] puzzle content:
2026-06-13 19:05:52 [INFO] def sat(x: float, v=-6.770237138115334):
    return 0 <= x < 1 and (v - x).is_integer()
2026-06-13 19:06:09 [INFO] Runtime error: name 'sat' is not defined
2026-06-13 19:06:09 [INFO] 



2026-06-13 19:06:09 [INFO] number id: 116
2026-06-13 19:06:09 [INFO] label id: Frac:3
2026-06-13 19:06:09 [INFO] puzzle content:
2026-06-13 19:06:09 [INFO] def sat(x: float, v=61.58244309946389):
    return 0 <= x < 1 and (v - x).is_integer()
2026-06-13 19:06:25 [INFO] Runtime error: name 'sat' is not defined
2026-06-13 19:06:25 [INFO] 



2026-06-13 19:06:25 [INFO] number id: 117
2026-06-13 19:06:25 [INFO] label id: Frac:4
2026-06-13 19:06:25 [INFO] puzzle content:
2026-06-13 19:06:25 [INFO] def sat(x: float, v=-80.9341003381162):
    return 0 <= x < 1 and (v - x).is_integer()
2026-06-13 19:06:39 [INFO] Runtime error: name 'sat' is not defined
2026-06-13 19:06:39 [INFO] 



2026-06-13 19:06:39 [INFO] number id: 118
2026-06-13 19:06:39 [INFO] label id: FirstNegCumulative:0
2026-06-13 19:06:39 [INFO] puzzle content:
2026-06-13 19:06:39 [INFO] def sat(firsts: List[int], balances=[[2, 7, -2, 4, 3, -15, 10, -45, 3], [3, 4, -17, -1], [100, -100, -101], [-1]]):
    for i, bals in enumerate(balances):
        total = 0
        for b in bals:
            total += b
            if total < 0:
                assert total == firsts[i]
                break
    return True
2026-06-13 19:07:04 [INFO] Runtime error: name 'sat' is not defined
2026-06-13 19:07:04 [INFO] 



2026-06-13 19:07:04 [INFO] number id: 119
2026-06-13 19:07:04 [INFO] label id: FirstNegCumulative:1
2026-06-13 19:07:04 [INFO] puzzle content:
2026-06-13 19:07:04 [INFO] def sat(firsts: List[int], balances=[[-1500518832, 928669978, -8834236111, 5315367227, 9459906565], [-922459571, 980368404, 2797206106, -8743339029, 1937237746], [-5581999780, -8355044389, 7691080588, 8819548586, -8678046394, 81698589, -1909402868], [-1496460602, -254633700, 1563740297, 2090111052, -2538220111, 2872427340, 3374773774], [8943500651, -9334877156, -8549860005, 7833776489, 6973829595, 7722681537, 535145192, -1822889532, 1811860043, -7700960933], [-1026876, -8774841983, 8413152214, 6772330745, 5578115818, -3502599311, 3134009997, 463541762, 3083435301], [-4305579008, 5200456205, -7357895007]]):
    for i, bals in enumerate(balances):
        total = 0
        for b in bals:
            total += b
            if total < 0:
                assert total == firsts[i]
                break
    return True
2026-06-13 19:07:21 [INFO] Runtime error: name 'sat' is not defined
2026-06-13 19:07:21 [INFO] 



2026-06-13 19:07:21 [INFO] number id: 120
2026-06-13 19:07:21 [INFO] label id: FirstNegCumulative:2
2026-06-13 19:07:21 [INFO] puzzle content:
2026-06-13 19:07:21 [INFO] def sat(firsts: List[int], balances=[[914333345, -1563107339, 668467168, 9415600365, -8131416309, 8389610356, 7604207836, -4164203506, -2291145775], [4697936594, -7745934015], [-4651520348, -3085645067, -4519068178, -7950040818, -9543066562, 5606895475, -1534568525, -8229155741], [-2634952680, 3565837670], [-3239154229, -3459559891, -9783565309, 2874293724], [-3904981094, -7396874754], [-9841547454, -7990665221, 5130235947, -5311423002], [-4206303129, 4047239354, 5652054537, 7165867290]]):
    for i, bals in enumerate(balances):
        total = 0
        for b in bals:
            total += b
            if total < 0:
                assert total == firsts[i]
                break
    return True
2026-06-13 19:07:39 [INFO] Runtime error: name 'sat' is not defined
2026-06-13 19:07:39 [INFO] 



2026-06-13 19:07:39 [INFO] number id: 121
2026-06-13 19:07:39 [INFO] label id: FirstNegCumulative:3
2026-06-13 19:07:39 [INFO] puzzle content:
2026-06-13 19:07:39 [INFO] def sat(firsts: List[int], balances=[[-3159744279, -5564462797, 9181877256, -581801013, -2730806212, -8069766232], [-2778889563, 6023011147, 6046948312, -1208971488, 2110520757, 7936971409, -4498797430, -7122967646], [-4649451153, -7199067130, 6484358738, -1015824976, 1504326141, 7704654617, 1083805811, -561837290, -9713157689], [-6286190794, 9847932237, -9818551636, -475170800], [-3927971639, 8808808262, 5363473771, 6453926109, -7932299279, 3515829826, -5092391511, 1619970550], [922221935, -3257271738, -4032399516, 5900007512, -2582293019, -1474957782, 2672311585, 5186169557, -4404554166], [3505067196, -649622176, -9390601127, 4030860857], [-8952966741], [2421457437, 531860397, -5157882824, 1563799160, -2925234193, 339874024, -7985065932, 1541877668, 7043758413]]):
    for i, bals in enumerate(balances):
        total = 0
        for b in bals:
            total += b
            if total < 0:
                assert total == firsts[i]
                break
    return True
2026-06-13 19:08:05 [INFO] Runtime error: invalid syntax (<string>, line 1)
2026-06-13 19:08:05 [INFO] 



2026-06-13 19:08:05 [INFO] number id: 122
2026-06-13 19:08:05 [INFO] label id: FirstNegCumulative:4
2026-06-13 19:08:05 [INFO] puzzle content:
2026-06-13 19:08:05 [INFO] def sat(firsts: List[int], balances=[[-2041524901, -9443452974, 6724922319], [9512986005, -7256441789, -8146859479, -648834428, 9137465613, 6849232316, -3669774686, -2798878807], [-700370861, -7254999326, 1316572844, -6690887070, 1763578306], [-71670187, 5659836631, 4279460608, 3047233262, -3918077853, 465790429, -1844240292], [-4058863322, 9667272009, 46010424, -5378831171, 6550560002, -1392053235, -2356282119], [-6617394020, -122757412, 5783268011, -7742860607, 3581304886, 5357960664, 6017029257, -1679200889], [-3456426106, -3386028090, -6864999581, -4690984097, -2321291466, -5583489756]]):
    for i, bals in enumerate(balances):
        total = 0
        for b in bals:
            total += b
            if total < 0:
                assert total == firsts[i]
                break
    return True
2026-06-13 19:08:29 [INFO] Runtime error: name 'sat' is not defined
2026-06-13 19:08:29 [INFO] 



2026-06-13 19:08:29 [INFO] number id: 123
2026-06-13 19:08:29 [INFO] label id: MinSquaredDeviation:0
2026-06-13 19:08:29 [INFO] puzzle content:
2026-06-13 19:08:29 [INFO] def sat(x: float, nums=[12, -2, 14, 3, -15, 10, -45, 3, 30]):
    return sum((n - x) ** 2 for n in nums) * len(nums) <= sum((m - n) ** 2 for m in nums for n in nums) * .5 + 1e-4
2026-06-13 19:08:57 [INFO] Runtime error: could not convert string to float: 'The correct input is not the mean. We need to solve the quadratic inequality for x. The inequality is:\n\nsum((n - x)^2) * N <= sum((m - n)^2) * 0.5 + 1e-4\n\nLet S = sum(nums), N = len(nums). sum((n - x)^2) = sum(n^2) - 2x sum(n) + N x^2 = sum(n^2) - 2Sx + N x^2.\n\nThe left side is N * (sum(n^2) - 2Sx + N x^2) = N sum(n^2) - 2 N S x + N^2 x^2.\n\nThe right side is constant: C = 0.5 * sum((m - n)^2) + 1e-4.\n\nWe want N sum(n^2) - 2 N S x + N^2 x^2 <= C.\n\nSo N^2 x^2 - 2 N S x + (N sum(n^2) - C) <= 0.\n\nThis is a quadratic in x. We need x to be within the interval where it\'s <=0. The minimum possible x that satisfies this is the one that makes the left side as small as possible? Actually we need any x that satisfies it. The question asks for "an input that will make the program return True". So we can find any x in the interval.\n\nThe discriminant must be >=0 for real roots.\n\nLet\'s compute the numbers:\n\nnums = [12, -2, 14, 3, -15, 10, -45, 3, 30]\nN = 9\nS = sum(nums) = 12 - 2 = 10; 10 + 14 = 24; 24 + 3 = 27; 27 - 15 = 12; 12 + 10 = 22; 22 - 45 = -23; -23 + 3 = -20; -20 + 30 = 10. So S = 10.\n\nsum(n^2): 12^2=144; (-2)^2=4; 14^2=196; 3^2=9; (-15)^2=225; 10^2=100; (-45)^2=2025; 3^2=9; 30^2=900. Sum = 144+4=148; +196=344; +9=353; +225=578; +100=678; +2025=2703; +9=2712; +900=3612. So sum(n^2) = 3612.\n\nsum over all pairs (m - n)^2: It is known that sum_{m,n} (m - n)^2 = 2N sum(n^2) - 2S^2. Let\'s verify: sum_{m,n} (m^2 - 2mn + n^2) = sum_m m^2 sum_n 1 + sum_n n^2 sum_m 1 - 2 sum_m m sum_n n = N sum(m^2) + N sum(n^2) - 2 S S = 2N sum(n^2) - 2S^2.\nSo sum pairs = 2*9*3612 - 2*(10^2) = 18*3612 - 2*100 = 65016 - 200 = 64816.\n\nThen C = 0.5 * 64816 + 1e-4 = 32408 + 0.0001 = 32408.0001.\n\nNow quadratic: N^2 = 81.\nCoefficient of x^2: 81.\nCoefficient of x: -2 N S = -2*9*10 = -180.\nConstant term: N sum(n^2) - C = 9*3612 - 32408.0001 = 32508 - 32408.0001 = 99.9999.\n\nQuadratic: 81 x^2 - 180 x + 99.9999 <= 0.\n\nDivide by 81: x^2 - (180/81) x + 99.9999/81 <= 0.\n180/81 = 20/9 ≈ 2.2222...\n99.9999/81 ≈ 1.2345679... Actually 99.9999 = 100 - 0.0001. So 100/81 - 0.0001/81 = 1.2345679 - 0.000001234... ≈ 1.2345667.\n\nSo x^2 - (20/9)x + (100/81 - 1.2345667? Wait, 100/81 = 1.2345679. So constant term is approximately 1.2345667.\n\nNotice that x^2 - (20/9)x + (10/9)^2 = (x - 10/9)^2 = x^2 - (20/9)x + 100/81.\nSo the quadratic is (x - 10/9)^2 - (0.0001/81) <= 0.\nSo (x - 10/9)^2 <= 0.0001/81 = (0.01/9)^2? Actually 0.0001 = (0.01)^2. 81 = 9^2. So <= (0.01/9)^2.\nThus |x - 10/9| <= 0.01/9 ≈ 0.001111...\nSo x must be very close to 10/9.\n\n10/9 = 1.111111...\n\nSo x ∈ [10/9 - 0.01/9, 10/9 + 0.01/9] ≈ [1.11, 1.112222...].\n\nThus any input in that range makes the function return True.\n\nThe answer should be a float. We can pick 1.1111, for example.\n\nBut we should make sure the inequality is exactly true: the original code has `1e-4` which is 0.0001, and we had C = 32408.0001. The difference is small.\n\nLet\'s test with x = 10/9 exactly:\nLeft side = sum((n - 10/9)^2) * 9.\nCompute sum(n^2) - 2*(10/9)*S + N*(10/9)^2 = 3612 - (20/9)*10 + 9*(100/81) = 3612 - 200/9 + 900/81 = 3612 - 200/9 + 900/81 = 3612 - 200/9 + 100/9 = 3612 - 100/9 = (32508 - 100)/9 = 32408/9.\nTimes 9 gives 32408.\nRight side: C = 0.5*64816 + 1e-4 = 32408 + 1e-4.\nSo left side = 32408, right side = 32408.0001. So 32408 <= 32408.0001 is True.\n\nIf x deviates slightly, left side increases. With x = 1.111, we can check but likely true.\n\nSo the input is not the mean, but a value close to 10/9.\n\nI\'ll provide a float: 1.1111111111111112 (which is 10/9) works.\n\nThus correct input: 10/9 (as float).\n\nI\'ll just output 1.1111111111111112.1.1111111111111112'
2026-06-13 19:08:57 [INFO] 



2026-06-13 19:08:57 [INFO] number id: 124
2026-06-13 19:08:57 [INFO] label id: MinSquaredDeviation:1
2026-06-13 19:08:57 [INFO] puzzle content:
2026-06-13 19:08:57 [INFO] def sat(x: float, nums=[-47, -58, -46, -29, 48, -7, 85, -48]):
    return sum((n - x) ** 2 for n in nums) * len(nums) <= sum((m - n) ** 2 for m in nums for n in nums) * .5 + 1e-4
2026-06-13 19:09:15 [INFO] Runtime error: name 'sat' is not defined
2026-06-13 19:09:15 [INFO] 



2026-06-13 19:09:15 [INFO] number id: 125
2026-06-13 19:09:15 [INFO] label id: MinSquaredDeviation:2
2026-06-13 19:09:15 [INFO] puzzle content:
2026-06-13 19:09:15 [INFO] def sat(x: float, nums=[-76, -99, 72, 33, 21, -54, -21, 24, 97, 89]):
    return sum((n - x) ** 2 for n in nums) * len(nums) <= sum((m - n) ** 2 for m in nums for n in nums) * .5 + 1e-4
2026-06-13 19:09:31 [INFO] Runtime error: name 'sat' is not defined
2026-06-13 19:09:31 [INFO] 



2026-06-13 19:09:31 [INFO] number id: 126
2026-06-13 19:09:31 [INFO] label id: MinSquaredDeviation:3
2026-06-13 19:09:31 [INFO] puzzle content:
2026-06-13 19:09:31 [INFO] def sat(x: float, nums=[-62, -53, -80]):
    return sum((n - x) ** 2 for n in nums) * len(nums) <= sum((m - n) ** 2 for m in nums for n in nums) * .5 + 1e-4
2026-06-13 19:09:53 [INFO] Runtime error: name 'sat' is not defined
2026-06-13 19:09:53 [INFO] 



2026-06-13 19:09:53 [INFO] number id: 127
2026-06-13 19:09:53 [INFO] label id: MinSquaredDeviation:4
2026-06-13 19:09:53 [INFO] puzzle content:
2026-06-13 19:09:53 [INFO] def sat(x: float, nums=[-76, 76, -88, 37, 7]):
    return sum((n - x) ** 2 for n in nums) * len(nums) <= sum((m - n) ** 2 for m in nums for n in nums) * .5 + 1e-4
2026-06-13 19:10:14 [INFO] Runtime error: name 'sat' is not defined
2026-06-13 19:10:14 [INFO] 



2026-06-13 19:10:14 [INFO] number id: 128
2026-06-13 19:10:14 [INFO] label id: Intersperse:0
2026-06-13 19:10:14 [INFO] puzzle content:
2026-06-13 19:10:14 [INFO] def sat(li: List[int], nums=[12, 23, -2, 5, 0], sep=4):
    return li[::2] == nums and li[1::2] == [sep] * (len(nums) - 1)
2026-06-13 19:10:35 [INFO] Runtime error: name 'sat' is not defined
2026-06-13 19:10:35 [INFO] 



2026-06-13 19:10:35 [INFO] number id: 129
2026-06-13 19:10:35 [INFO] label id: Intersperse:1
2026-06-13 19:10:35 [INFO] puzzle content:
2026-06-13 19:10:35 [INFO] def sat(li: List[int], nums=[], sep=23):
    return li[::2] == nums and li[1::2] == [sep] * (len(nums) - 1)
2026-06-13 19:10:58 [INFO] Runtime error: expected 'else' after 'if' expression (<string>, line 1)
2026-06-13 19:10:58 [INFO] 



2026-06-13 19:10:58 [INFO] number id: 130
2026-06-13 19:10:58 [INFO] label id: Intersperse:2
2026-06-13 19:10:58 [INFO] puzzle content:
2026-06-13 19:10:58 [INFO] def sat(li: List[int], nums=[90, 23, 0, 0, 36, 61, 73], sep=14):
    return li[::2] == nums and li[1::2] == [sep] * (len(nums) - 1)
2026-06-13 19:11:16 [INFO] Runtime error: invalid syntax (<string>, line 1)
2026-06-13 19:11:16 [INFO] 



2026-06-13 19:11:16 [INFO] number id: 131
2026-06-13 19:11:16 [INFO] label id: Intersperse:3
2026-06-13 19:11:16 [INFO] puzzle content:
2026-06-13 19:11:16 [INFO] def sat(li: List[int], nums=[41, 60, 18, 34, 31], sep=2):
    return li[::2] == nums and li[1::2] == [sep] * (len(nums) - 1)
2026-06-13 19:11:36 [INFO] Runtime error: name 'sat' is not defined
2026-06-13 19:11:36 [INFO] 



2026-06-13 19:11:36 [INFO] number id: 132
2026-06-13 19:11:36 [INFO] label id: Intersperse:4
2026-06-13 19:11:36 [INFO] puzzle content:
2026-06-13 19:11:36 [INFO] def sat(li: List[int], nums=[39, 94, 99, 46, 93], sep=25):
    return li[::2] == nums and li[1::2] == [sep] * (len(nums) - 1)
2026-06-13 19:11:48 [INFO] Runtime error: name 'sat' is not defined
2026-06-13 19:11:48 [INFO] 



2026-06-13 19:11:48 [INFO] number id: 133
2026-06-13 19:11:48 [INFO] label id: DeepestParens:0
2026-06-13 19:11:48 [INFO] puzzle content:
2026-06-13 19:11:48 [INFO] def sat(depths: List[int], parens="() (()) ((()()())) (((((((())))))))"):
    groups = parens.split()
    for depth, group in zip(depths, groups):
        budget = depth
        success = False
        for c in group:
            if c == '(':
                budget -= 1
                if budget == 0:
                    success = True
                assert budget >= 0
            else:
                assert c == ')'
                budget += 1
        assert success

    return len(groups) == len(depths)
2026-06-13 19:12:12 [INFO] Runtime error: name 'sat' is not defined
2026-06-13 19:12:12 [INFO] 



2026-06-13 19:12:12 [INFO] number id: 134
2026-06-13 19:12:12 [INFO] label id: DeepestParens:1
2026-06-13 19:12:12 [INFO] puzzle content:
2026-06-13 19:12:12 [INFO] def sat(depths: List[int], parens=""):
    groups = parens.split()
    for depth, group in zip(depths, groups):
        budget = depth
        success = False
        for c in group:
            if c == '(':
                budget -= 1
                if budget == 0:
                    success = True
                assert budget >= 0
            else:
                assert c == ')'
                budget += 1
        assert success

    return len(groups) == len(depths)
2026-06-13 19:12:33 [INFO] Runtime error: name 'sat' is not defined
2026-06-13 19:12:33 [INFO] 



2026-06-13 19:12:33 [INFO] number id: 135
2026-06-13 19:12:33 [INFO] label id: DeepestParens:2
2026-06-13 19:12:33 [INFO] puzzle content:
2026-06-13 19:12:33 [INFO] def sat(depths: List[int], parens="(()) (((()(((()())()())))))(())()"):
    groups = parens.split()
    for depth, group in zip(depths, groups):
        budget = depth
        success = False
        for c in group:
            if c == '(':
                budget -= 1
                if budget == 0:
                    success = True
                assert budget >= 0
            else:
                assert c == ')'
                budget += 1
        assert success

    return len(groups) == len(depths)
2026-06-13 19:12:50 [INFO] Runtime error: name 'sat' is not defined
2026-06-13 19:12:50 [INFO] 



2026-06-13 19:12:50 [INFO] number id: 136
2026-06-13 19:12:50 [INFO] label id: DeepestParens:3
2026-06-13 19:12:50 [INFO] puzzle content:
2026-06-13 19:12:50 [INFO] def sat(depths: List[int], parens="(()) ()()(()())() () ()(())() ()((()))"):
    groups = parens.split()
    for depth, group in zip(depths, groups):
        budget = depth
        success = False
        for c in group:
            if c == '(':
                budget -= 1
                if budget == 0:
                    success = True
                assert budget >= 0
            else:
                assert c == ')'
                budget += 1
        assert success

    return len(groups) == len(depths)
2026-06-13 19:13:10 [INFO] Runtime error: name 'sat' is not defined
2026-06-13 19:13:10 [INFO] 



2026-06-13 19:13:10 [INFO] number id: 137
2026-06-13 19:13:10 [INFO] label id: DeepestParens:4
2026-06-13 19:13:10 [INFO] puzzle content:
2026-06-13 19:13:10 [INFO] def sat(depths: List[int], parens="()()(())()(())"):
    groups = parens.split()
    for depth, group in zip(depths, groups):
        budget = depth
        success = False
        for c in group:
            if c == '(':
                budget -= 1
                if budget == 0:
                    success = True
                assert budget >= 0
            else:
                assert c == ')'
                budget += 1
        assert success

    return len(groups) == len(depths)
2026-06-13 19:13:27 [INFO] Runtime error: name 'sat' is not defined
2026-06-13 19:13:27 [INFO] 



2026-06-13 19:13:27 [INFO] number id: 138
2026-06-13 19:13:27 [INFO] label id: FindContainers:0
2026-06-13 19:13:27 [INFO] puzzle content:
2026-06-13 19:13:27 [INFO] def sat(containers: List[str], strings=['cat', 'dog', 'shatter', 'bear', 'at', 'ta'], substring="at"):
    i = 0
    for s in strings:
        if substring in s:
            assert containers[i] == s
            i += 1
    return i == len(containers)
2026-06-13 19:13:47 [INFO] Runtime error: name 'sat' is not defined
2026-06-13 19:13:47 [INFO] 



2026-06-13 19:13:47 [INFO] number id: 139
2026-06-13 19:13:47 [INFO] label id: FindContainers:1
2026-06-13 19:13:47 [INFO] puzzle content:
2026-06-13 19:13:47 [INFO] def sat(containers: List[str], strings=['ty', 'jy', 'jsesnicy'], substring="ses"):
    i = 0
    for s in strings:
        if substring in s:
            assert containers[i] == s
            i += 1
    return i == len(containers)
2026-06-13 19:14:07 [INFO] Runtime error: name 'sat' is not defined
2026-06-13 19:14:07 [INFO] 



2026-06-13 19:14:07 [INFO] number id: 140
2026-06-13 19:14:07 [INFO] label id: FindContainers:2
2026-06-13 19:14:07 [INFO] puzzle content:
2026-06-13 19:14:07 [INFO] def sat(containers: List[str], strings=['rgyjo', 'tipu', 'mulut', 'wutgypepu'], substring="gy"):
    i = 0
    for s in strings:
        if substring in s:
            assert containers[i] == s
            i += 1
    return i == len(containers)
2026-06-13 19:14:34 [INFO] Runtime error: invalid syntax (<string>, line 1)
2026-06-13 19:14:34 [INFO] 



2026-06-13 19:14:34 [INFO] number id: 141
2026-06-13 19:14:34 [INFO] label id: FindContainers:3
2026-06-13 19:14:34 [INFO] puzzle content:
2026-06-13 19:14:34 [INFO] def sat(containers: List[str], strings=[], substring="ve"):
    i = 0
    for s in strings:
        if substring in s:
            assert containers[i] == s
            i += 1
    return i == len(containers)
2026-06-13 19:14:48 [INFO] Runtime error: name 'sat' is not defined
2026-06-13 19:14:48 [INFO] 



2026-06-13 19:14:48 [INFO] number id: 142
2026-06-13 19:14:48 [INFO] label id: FindContainers:4
2026-06-13 19:14:48 [INFO] puzzle content:
2026-06-13 19:14:48 [INFO] def sat(containers: List[str], strings=['te', 'dmmo', ''], substring="m"):
    i = 0
    for s in strings:
        if substring in s:
            assert containers[i] == s
            i += 1
    return i == len(containers)
2026-06-13 19:15:04 [INFO] Runtime error: name 'sat' is not defined
2026-06-13 19:15:04 [INFO] 



2026-06-13 19:15:04 [INFO] number id: 143
2026-06-13 19:15:04 [INFO] label id: SumProduct:0
2026-06-13 19:15:04 [INFO] puzzle content:
2026-06-13 19:15:04 [INFO] def sat(nums: List[int], tot=14, prod=99):
    assert sum(nums) == tot
    p = 1
    for n in nums:
        p *= n
    return p == prod
2026-06-13 19:15:18 [INFO] Runtime error: name 'sat' is not defined
2026-06-13 19:15:18 [INFO] 



2026-06-13 19:15:18 [INFO] number id: 144
2026-06-13 19:15:18 [INFO] label id: SumProduct:1
2026-06-13 19:15:18 [INFO] puzzle content:
2026-06-13 19:15:18 [INFO] def sat(nums: List[int], tot=-81, prod=13):
    assert sum(nums) == tot
    p = 1
    for n in nums:
        p *= n
    return p == prod
2026-06-13 19:15:29 [INFO] Runtime error: name 'sat' is not defined
2026-06-13 19:15:29 [INFO] 



2026-06-13 19:15:29 [INFO] number id: 145
2026-06-13 19:15:29 [INFO] label id: SumProduct:2
2026-06-13 19:15:29 [INFO] puzzle content:
2026-06-13 19:15:29 [INFO] def sat(nums: List[int], tot=96, prod=-44):
    assert sum(nums) == tot
    p = 1
    for n in nums:
        p *= n
    return p == prod
2026-06-13 19:15:52 [INFO] Runtime error: name 'sat' is not defined
2026-06-13 19:15:52 [INFO] 



2026-06-13 19:15:52 [INFO] number id: 146
2026-06-13 19:15:52 [INFO] label id: SumProduct:3
2026-06-13 19:15:52 [INFO] puzzle content:
2026-06-13 19:15:52 [INFO] def sat(nums: List[int], tot=86, prod=24):
    assert sum(nums) == tot
    p = 1
    for n in nums:
        p *= n
    return p == prod
2026-06-13 19:16:09 [INFO] Runtime error: name 'sat' is not defined
2026-06-13 19:16:09 [INFO] 



2026-06-13 19:16:09 [INFO] number id: 147
2026-06-13 19:16:09 [INFO] label id: SumProduct:4
2026-06-13 19:16:09 [INFO] puzzle content:
2026-06-13 19:16:09 [INFO] def sat(nums: List[int], tot=-16, prod=3):
    assert sum(nums) == tot
    p = 1
    for n in nums:
        p *= n
    return p == prod
2026-06-13 19:16:28 [INFO] Runtime error: name 'sat' is not defined
2026-06-13 19:16:28 [INFO] 



2026-06-13 19:16:28 [INFO] number id: 148
2026-06-13 19:16:28 [INFO] label id: RollingMax:0
2026-06-13 19:16:28 [INFO] puzzle content:
2026-06-13 19:16:28 [INFO] def sat(maxes: List[int], nums=[1, 4, 3, -6, 19]):
    assert len(maxes) == len(nums)
    for i in range(len(nums)):
        if i > 0:
            assert maxes[i] == max(maxes[i - 1], nums[i])
        else:
            assert maxes[0] == nums[0]
    return True
2026-06-13 19:16:43 [INFO] Runtime error: name 'sat' is not defined
2026-06-13 19:16:43 [INFO] 



2026-06-13 19:16:43 [INFO] number id: 149
2026-06-13 19:16:43 [INFO] label id: RollingMax:1
2026-06-13 19:16:43 [INFO] puzzle content:
2026-06-13 19:16:43 [INFO] def sat(maxes: List[int], nums=[-15, -6]):
    assert len(maxes) == len(nums)
    for i in range(len(nums)):
        if i > 0:
            assert maxes[i] == max(maxes[i - 1], nums[i])
        else:
            assert maxes[0] == nums[0]
    return True
2026-06-13 19:17:09 [INFO] Runtime error: name 'sat' is not defined
2026-06-13 19:17:09 [INFO] 



2026-06-13 19:17:09 [INFO] number id: 150
2026-06-13 19:17:09 [INFO] label id: RollingMax:2
2026-06-13 19:17:09 [INFO] puzzle content:
2026-06-13 19:17:09 [INFO] def sat(maxes: List[int], nums=[]):
    assert len(maxes) == len(nums)
    for i in range(len(nums)):
        if i > 0:
            assert maxes[i] == max(maxes[i - 1], nums[i])
        else:
            assert maxes[0] == nums[0]
    return True
2026-06-13 19:17:30 [INFO] Runtime error: name 'sat' is not defined
2026-06-13 19:17:30 [INFO] 



2026-06-13 19:17:30 [INFO] number id: 151
2026-06-13 19:17:30 [INFO] label id: RollingMax:3
2026-06-13 19:17:30 [INFO] puzzle content:
2026-06-13 19:17:30 [INFO] def sat(maxes: List[int], nums=[-100, 14, -45, 92, 36, -68, -40]):
    assert len(maxes) == len(nums)
    for i in range(len(nums)):
        if i > 0:
            assert maxes[i] == max(maxes[i - 1], nums[i])
        else:
            assert maxes[0] == nums[0]
    return True
2026-06-13 19:17:47 [INFO] Runtime error: name 'sat' is not defined
2026-06-13 19:17:47 [INFO] 



2026-06-13 19:17:47 [INFO] number id: 152
2026-06-13 19:17:47 [INFO] label id: RollingMax:4
2026-06-13 19:17:47 [INFO] puzzle content:
2026-06-13 19:17:47 [INFO] def sat(maxes: List[int], nums=[23, -34, 96]):
    assert len(maxes) == len(nums)
    for i in range(len(nums)):
        if i > 0:
            assert maxes[i] == max(maxes[i - 1], nums[i])
        else:
            assert maxes[0] == nums[0]
    return True
2026-06-13 19:18:11 [INFO] Runtime error: name 'sat' is not defined
2026-06-13 19:18:11 [INFO] 



2026-06-13 19:18:11 [INFO] number id: 153
2026-06-13 19:18:11 [INFO] label id: PalindromeContaining:0
2026-06-13 19:18:11 [INFO] puzzle content:
2026-06-13 19:18:11 [INFO] def sat(ans: str, s="so easy", length=20):
    return ans == ans[::-1] and len(ans) == length and s in ans
2026-06-13 19:18:20 [INFO] Runtime error: name 'sat' is not defined
2026-06-13 19:18:20 [INFO] 



2026-06-13 19:18:20 [INFO] number id: 154
2026-06-13 19:18:20 [INFO] label id: PalindromeContaining:1
2026-06-13 19:18:20 [INFO] puzzle content:
2026-06-13 19:18:20 [INFO] def sat(ans: str, s="aabbab", length=12):
    return ans == ans[::-1] and len(ans) == length and s in ans
2026-06-13 19:18:30 [INFO] Runtime error: name 'sat' is not defined
2026-06-13 19:18:30 [INFO] 



2026-06-13 19:18:30 [INFO] number id: 155
2026-06-13 19:18:30 [INFO] label id: PalindromeContaining:2
2026-06-13 19:18:30 [INFO] puzzle content:
2026-06-13 19:18:30 [INFO] def sat(ans: str, s="bbb", length=27):
    return ans == ans[::-1] and len(ans) == length and s in ans
2026-06-13 19:18:40 [INFO] Runtime error: name 'sat' is not defined
2026-06-13 19:18:40 [INFO] 



2026-06-13 19:18:40 [INFO] number id: 156
2026-06-13 19:18:40 [INFO] label id: PalindromeContaining:3
2026-06-13 19:18:40 [INFO] puzzle content:
2026-06-13 19:18:40 [INFO] def sat(ans: str, s="bb", length=38):
    return ans == ans[::-1] and len(ans) == length and s in ans
2026-06-13 19:18:51 [INFO] Runtime error: name 'sat' is not defined
2026-06-13 19:18:51 [INFO] 



2026-06-13 19:18:51 [INFO] number id: 157
2026-06-13 19:18:51 [INFO] label id: PalindromeContaining:4
2026-06-13 19:18:51 [INFO] puzzle content:
2026-06-13 19:18:51 [INFO] def sat(ans: str, s="", length=0):
    return ans == ans[::-1] and len(ans) == length and s in ans
2026-06-13 19:19:10 [INFO] Runtime error: name 'sat' is not defined
2026-06-13 19:19:10 [INFO] 



2026-06-13 19:19:10 [INFO] number id: 158
2026-06-13 19:19:10 [INFO] label id: BinaryStrXOR:0
2026-06-13 19:19:10 [INFO] puzzle content:
2026-06-13 19:19:10 [INFO] def sat(str_num: str, nums=['100011101100001', '100101100101110']):
    a, b = nums
    return int(str_num, 2) == int(a, 2) ^ int(b, 2)
2026-06-13 19:19:19 [INFO] Runtime error: name 'sat' is not defined
2026-06-13 19:19:19 [INFO] 



2026-06-13 19:19:19 [INFO] number id: 159
2026-06-13 19:19:19 [INFO] label id: BinaryStrXOR:1
2026-06-13 19:19:19 [INFO] puzzle content:
2026-06-13 19:19:19 [INFO] def sat(str_num: str, nums=['1101101111', '11001100']):
    a, b = nums
    return int(str_num, 2) == int(a, 2) ^ int(b, 2)
2026-06-13 19:19:24 [INFO] Runtime error: name 'sat' is not defined
2026-06-13 19:19:24 [INFO] 



2026-06-13 19:19:24 [INFO] number id: 160
2026-06-13 19:19:24 [INFO] label id: BinaryStrXOR:2
2026-06-13 19:19:24 [INFO] puzzle content:
2026-06-13 19:19:24 [INFO] def sat(str_num: str, nums=['11011111', '1101001110']):
    a, b = nums
    return int(str_num, 2) == int(a, 2) ^ int(b, 2)
2026-06-13 19:19:32 [INFO] Runtime error: name 'sat' is not defined
2026-06-13 19:19:32 [INFO] 



2026-06-13 19:19:32 [INFO] number id: 161
2026-06-13 19:19:32 [INFO] label id: BinaryStrXOR:3
2026-06-13 19:19:32 [INFO] puzzle content:
2026-06-13 19:19:32 [INFO] def sat(str_num: str, nums=['100000001', '1010001001']):
    a, b = nums
    return int(str_num, 2) == int(a, 2) ^ int(b, 2)
2026-06-13 19:19:41 [INFO] Runtime error: name 'sat' is not defined
2026-06-13 19:19:41 [INFO] 



2026-06-13 19:19:41 [INFO] number id: 162
2026-06-13 19:19:41 [INFO] label id: BinaryStrXOR:4
2026-06-13 19:19:41 [INFO] puzzle content:
2026-06-13 19:19:41 [INFO] def sat(str_num: str, nums=['10010110', '10000']):
    a, b = nums
    return int(str_num, 2) == int(a, 2) ^ int(b, 2)
2026-06-13 19:19:47 [INFO] Runtime error: name 'sat' is not defined
2026-06-13 19:19:47 [INFO] 



2026-06-13 19:19:47 [INFO] number id: 163
2026-06-13 19:19:47 [INFO] label id: LongestStr:0
2026-06-13 19:19:47 [INFO] puzzle content:
2026-06-13 19:19:47 [INFO] def sat(ans: str, words=['these', 'are', 'some', 'pretty', 'long', 'words']):
    return ans in words and all(len(ans) >= len(w) for w in words)
2026-06-13 19:19:57 [INFO] Runtime error: name 'sat' is not defined
2026-06-13 19:19:57 [INFO] 



2026-06-13 19:19:57 [INFO] number id: 164
2026-06-13 19:19:57 [INFO] label id: LongestStr:1
2026-06-13 19:19:57 [INFO] puzzle content:
2026-06-13 19:19:57 [INFO] def sat(ans: str, words=['suquojurethy', 'zetenejubichicyj', 'dyzeroquyxipyfe']):
    return ans in words and all(len(ans) >= len(w) for w in words)
2026-06-13 19:20:09 [INFO] Runtime error: name 'sat' is not defined
2026-06-13 19:20:09 [INFO] 



2026-06-13 19:20:09 [INFO] number id: 165
2026-06-13 19:20:09 [INFO] label id: LongestStr:2
2026-06-13 19:20:09 [INFO] puzzle content:
2026-06-13 19:20:09 [INFO] def sat(ans: str, words=['thusisequiw', 'tevozequetextupetha', 'texterut', 'zopuhesofowyk', 'chajokapechunekizic', 'hefuhyjiwakifyma', 'thopebom', 'pah']):
    return ans in words and all(len(ans) >= len(w) for w in words)
2026-06-13 19:20:22 [INFO] Runtime error: name 'sat' is not defined
2026-06-13 19:20:22 [INFO] 



2026-06-13 19:20:22 [INFO] number id: 166
2026-06-13 19:20:22 [INFO] label id: LongestStr:3
2026-06-13 19:20:22 [INFO] puzzle content:
2026-06-13 19:20:22 [INFO] def sat(ans: str, words=['melo', 'zoj', 'wujololyfytew', 'barivitextyte', 'decipywiduvaq', 'ruty', 'gekusoduz']):
    return ans in words and all(len(ans) >= len(w) for w in words)
2026-06-13 19:20:40 [INFO] Runtime error: name 'sat' is not defined
2026-06-13 19:20:40 [INFO] 



2026-06-13 19:20:40 [INFO] number id: 167
2026-06-13 19:20:40 [INFO] label id: LongestStr:4
2026-06-13 19:20:40 [INFO] puzzle content:
2026-06-13 19:20:40 [INFO] def sat(ans: str, words=['quicydynigatha', 'pethiquifegosych', 'jixotextoxa', 'pe', 'xona', 'cifuco', 'gyrejypifam']):
    return ans in words and all(len(ans) >= len(w) for w in words)
2026-06-13 19:20:56 [INFO] Runtime error: name 'sat' is not defined
2026-06-13 19:20:56 [INFO] 



2026-06-13 19:20:56 [INFO] number id: 168
2026-06-13 19:20:56 [INFO] label id: CertifiedGCD:0
2026-06-13 19:20:56 [INFO] puzzle content:
2026-06-13 19:20:56 [INFO] def sat(ans: List[int], m=200004931, n=66679984):
    gcd, a, b = ans
    return m % gcd == n % gcd == 0 and a * m + b * n == gcd and gcd > 0
2026-06-13 19:21:23 [INFO] Runtime error: name 'sat' is not defined
2026-06-13 19:21:23 [INFO] 



2026-06-13 19:21:23 [INFO] number id: 169
2026-06-13 19:21:23 [INFO] label id: CertifiedGCD:1
2026-06-13 19:21:23 [INFO] puzzle content:
2026-06-13 19:21:23 [INFO] def sat(ans: List[int], m=2642408, n=828886):
    gcd, a, b = ans
    return m % gcd == n % gcd == 0 and a * m + b * n == gcd and gcd > 0
2026-06-13 19:21:37 [INFO] Runtime error: name 'sat' is not defined
2026-06-13 19:21:37 [INFO] 



2026-06-13 19:21:37 [INFO] number id: 170
2026-06-13 19:21:37 [INFO] label id: CertifiedGCD:2
2026-06-13 19:21:37 [INFO] puzzle content:
2026-06-13 19:21:37 [INFO] def sat(ans: List[int], m=184428, n=105545439738):
    gcd, a, b = ans
    return m % gcd == n % gcd == 0 and a * m + b * n == gcd and gcd > 0
2026-06-13 19:21:49 [INFO] Runtime error: name 'sat' is not defined
2026-06-13 19:21:49 [INFO] 



2026-06-13 19:21:49 [INFO] number id: 171
2026-06-13 19:21:49 [INFO] label id: CertifiedGCD:3
2026-06-13 19:21:49 [INFO] puzzle content:
2026-06-13 19:21:49 [INFO] def sat(ans: List[int], m=3956548155, n=103530):
    gcd, a, b = ans
    return m % gcd == n % gcd == 0 and a * m + b * n == gcd and gcd > 0
2026-06-13 19:22:02 [INFO] Runtime error: name 'sat' is not defined
2026-06-13 19:22:02 [INFO] 



2026-06-13 19:22:02 [INFO] number id: 172
2026-06-13 19:22:02 [INFO] label id: CertifiedGCD:4
2026-06-13 19:22:02 [INFO] puzzle content:
2026-06-13 19:22:02 [INFO] def sat(ans: List[int], m=101920, n=55199657760):
    gcd, a, b = ans
    return m % gcd == n % gcd == 0 and a * m + b * n == gcd and gcd > 0
2026-06-13 19:22:12 [INFO] Runtime error: name 'sat' is not defined
2026-06-13 19:22:12 [INFO] 



2026-06-13 19:22:12 [INFO] number id: 173
2026-06-13 19:22:12 [INFO] label id: AllPrefixes:0
2026-06-13 19:22:12 [INFO] puzzle content:
2026-06-13 19:22:12 [INFO] def sat(prefixes: List[str], s="donesezichethofalij"):
    return all(s.startswith(p) for p in prefixes) and len(set(prefixes)) > len(s)
2026-06-13 19:22:26 [INFO] Runtime error: name 'sat' is not defined
2026-06-13 19:22:26 [INFO] 



2026-06-13 19:22:26 [INFO] number id: 174
2026-06-13 19:22:26 [INFO] label id: AllPrefixes:1
2026-06-13 19:22:26 [INFO] puzzle content:
2026-06-13 19:22:26 [INFO] def sat(prefixes: List[str], s="vuf"):
    return all(s.startswith(p) for p in prefixes) and len(set(prefixes)) > len(s)
2026-06-13 19:22:40 [INFO] Runtime error: name 'sat' is not defined
2026-06-13 19:22:40 [INFO] 



2026-06-13 19:22:40 [INFO] number id: 175
2026-06-13 19:22:40 [INFO] label id: AllPrefixes:2
2026-06-13 19:22:40 [INFO] puzzle content:
2026-06-13 19:22:40 [INFO] def sat(prefixes: List[str], s="t"):
    return all(s.startswith(p) for p in prefixes) and len(set(prefixes)) > len(s)
2026-06-13 19:22:55 [INFO] Runtime error: name 'sat' is not defined
2026-06-13 19:22:55 [INFO] 



2026-06-13 19:22:55 [INFO] number id: 176
2026-06-13 19:22:55 [INFO] label id: AllPrefixes:3
2026-06-13 19:22:55 [INFO] puzzle content:
2026-06-13 19:22:55 [INFO] def sat(prefixes: List[str], s="qu"):
    return all(s.startswith(p) for p in prefixes) and len(set(prefixes)) > len(s)
2026-06-13 19:23:07 [INFO] Runtime error: name 'sat' is not defined
2026-06-13 19:23:07 [INFO] 



2026-06-13 19:23:07 [INFO] number id: 177
2026-06-13 19:23:07 [INFO] label id: AllPrefixes:4
2026-06-13 19:23:07 [INFO] puzzle content:
2026-06-13 19:23:07 [INFO] def sat(prefixes: List[str], s="dugethixuneku"):
    return all(s.startswith(p) for p in prefixes) and len(set(prefixes)) > len(s)
2026-06-13 19:23:21 [INFO] Runtime error: name 'sat' is not defined
2026-06-13 19:23:21 [INFO] 



2026-06-13 19:23:21 [INFO] number id: 178
2026-06-13 19:23:21 [INFO] label id: SpaceyRange:0
2026-06-13 19:23:21 [INFO] puzzle content:
2026-06-13 19:23:21 [INFO] def sat(ans: str, n=15):
    return [int(i) for i in ans.split(' ')] == list(range(n + 1))
2026-06-13 19:23:39 [INFO] Runtime error: name 'sat' is not defined
2026-06-13 19:23:39 [INFO] 



2026-06-13 19:23:39 [INFO] number id: 179
2026-06-13 19:23:39 [INFO] label id: SpaceyRange:1
2026-06-13 19:23:39 [INFO] puzzle content:
2026-06-13 19:23:39 [INFO] def sat(ans: str, n=54635):
    return [int(i) for i in ans.split(' ')] == list(range(n + 1))
2026-06-13 19:24:52 [INFO] Runtime error: name 'sat' is not defined
2026-06-13 19:24:52 [INFO] 



2026-06-13 19:24:52 [INFO] number id: 180
2026-06-13 19:24:52 [INFO] label id: SpaceyRange:2
2026-06-13 19:24:52 [INFO] puzzle content:
2026-06-13 19:24:52 [INFO] def sat(ans: str, n=83):
    return [int(i) for i in ans.split(' ')] == list(range(n + 1))
2026-06-13 19:24:58 [INFO] Runtime error: name 'sat' is not defined
2026-06-13 19:24:58 [INFO] 



2026-06-13 19:24:58 [INFO] number id: 181
2026-06-13 19:24:58 [INFO] label id: SpaceyRange:3
2026-06-13 19:24:58 [INFO] puzzle content:
2026-06-13 19:24:58 [INFO] def sat(ans: str, n=99847):
    return [int(i) for i in ans.split(' ')] == list(range(n + 1))
2026-06-13 19:25:03 [INFO] Runtime error: name 'sat' is not defined
2026-06-13 19:25:03 [INFO] 



2026-06-13 19:25:03 [INFO] number id: 182
2026-06-13 19:25:03 [INFO] label id: SpaceyRange:4
2026-06-13 19:25:03 [INFO] puzzle content:
2026-06-13 19:25:03 [INFO] def sat(ans: str, n=18215):
    return [int(i) for i in ans.split(' ')] == list(range(n + 1))
2026-06-13 19:26:09 [INFO] Runtime error: name 'sat' is not defined
2026-06-13 19:26:09 [INFO] 



2026-06-13 19:26:09 [INFO] number id: 183
2026-06-13 19:26:09 [INFO] label id: DistinctChars:0
2026-06-13 19:26:09 [INFO] puzzle content:
2026-06-13 19:26:09 [INFO] def sat(ans: List[str], s="The quick brown fox jumps over the lazy dog!", n=28):
    assert all(ans.count(c.lower()) == 1 for c in s)
    assert all(c == c.lower() for c in ans)
    assert all(c in s.lower() for c in ans)
    return True
2026-06-13 19:26:20 [INFO] Runtime error: name 'sat' is not defined
2026-06-13 19:26:20 [INFO] 



2026-06-13 19:26:20 [INFO] number id: 184
2026-06-13 19:26:20 [INFO] label id: DistinctChars:1
2026-06-13 19:26:20 [INFO] puzzle content:
2026-06-13 19:26:20 [INFO] def sat(ans: List[str], s="Iu]K,>Q8w", n=9):
    assert all(ans.count(c.lower()) == 1 for c in s)
    assert all(c == c.lower() for c in ans)
    assert all(c in s.lower() for c in ans)
    return True
2026-06-13 19:26:30 [INFO] Runtime error: name 'sat' is not defined
2026-06-13 19:26:30 [INFO] 



2026-06-13 19:26:30 [INFO] number id: 185
2026-06-13 19:26:30 [INFO] label id: DistinctChars:2
2026-06-13 19:26:30 [INFO] puzzle content:
2026-06-13 19:26:30 [INFO] def sat(ans: List[str], s="JrUCk=ek&q^xBuvtm", n=15):
    assert all(ans.count(c.lower()) == 1 for c in s)
    assert all(c == c.lower() for c in ans)
    assert all(c in s.lower() for c in ans)
    return True
2026-06-13 19:26:34 [INFO] Runtime error: name 'sat' is not defined
2026-06-13 19:26:34 [INFO] 



2026-06-13 19:26:34 [INFO] number id: 186
2026-06-13 19:26:34 [INFO] label id: DistinctChars:3
2026-06-13 19:26:34 [INFO] puzzle content:
2026-06-13 19:26:34 [INFO] def sat(ans: List[str], s="V-wKeN", n=6):
    assert all(ans.count(c.lower()) == 1 for c in s)
    assert all(c == c.lower() for c in ans)
    assert all(c in s.lower() for c in ans)
    return True
2026-06-13 19:26:42 [INFO] Runtime error: name 'sat' is not defined
2026-06-13 19:26:42 [INFO] 



2026-06-13 19:26:42 [INFO] number id: 187
2026-06-13 19:26:42 [INFO] label id: DistinctChars:4
2026-06-13 19:26:42 [INFO] puzzle content:
2026-06-13 19:26:42 [INFO] def sat(ans: List[str], s="F;J*qHN.^YC", n=11):
    assert all(ans.count(c.lower()) == 1 for c in s)
    assert all(c == c.lower() for c in ans)
    assert all(c in s.lower() for c in ans)
    return True
2026-06-13 19:26:50 [INFO] Runtime error: name 'sat' is not defined
2026-06-13 19:26:50 [INFO] 



2026-06-13 19:26:50 [INFO] number id: 188
2026-06-13 19:26:50 [INFO] label id: ParseMusic:0
2026-06-13 19:26:50 [INFO] puzzle content:
2026-06-13 19:26:50 [INFO] def sat(beats: List[int], score="o o o| o| .| .| .| o| o| o o o| .|"):
    return " ".join({1: '.|', 2: 'o|', 4: 'o'}[b] for b in beats) == score
2026-06-13 19:26:59 [INFO] Runtime error: name 'sat' is not defined
2026-06-13 19:26:59 [INFO] 



2026-06-13 19:26:59 [INFO] number id: 189
2026-06-13 19:26:59 [INFO] label id: ParseMusic:1
2026-06-13 19:26:59 [INFO] puzzle content:
2026-06-13 19:26:59 [INFO] def sat(beats: List[int], score=".| o .| o| o| o| o| .| o o"):
    return " ".join({1: '.|', 2: 'o|', 4: 'o'}[b] for b in beats) == score
2026-06-13 19:27:07 [INFO] Runtime error: name 'sat' is not defined
2026-06-13 19:27:07 [INFO] 



2026-06-13 19:27:07 [INFO] number id: 190
2026-06-13 19:27:07 [INFO] label id: ParseMusic:2
2026-06-13 19:27:07 [INFO] puzzle content:
2026-06-13 19:27:07 [INFO] def sat(beats: List[int], score="o| .| .| .| .| o| o .| o| o| o"):
    return " ".join({1: '.|', 2: 'o|', 4: 'o'}[b] for b in beats) == score
2026-06-13 19:27:16 [INFO] Runtime error: name 'sat' is not defined
2026-06-13 19:27:16 [INFO] 



2026-06-13 19:27:16 [INFO] number id: 191
2026-06-13 19:27:16 [INFO] label id: ParseMusic:3
2026-06-13 19:27:16 [INFO] puzzle content:
2026-06-13 19:27:16 [INFO] def sat(beats: List[int], score=".| o|"):
    return " ".join({1: '.|', 2: 'o|', 4: 'o'}[b] for b in beats) == score
2026-06-13 19:27:23 [INFO] Runtime error: name 'sat' is not defined
2026-06-13 19:27:23 [INFO] 



2026-06-13 19:27:23 [INFO] number id: 192
2026-06-13 19:27:23 [INFO] label id: ParseMusic:4
2026-06-13 19:27:23 [INFO] puzzle content:
2026-06-13 19:27:23 [INFO] def sat(beats: List[int], score=""):
    return " ".join({1: '.|', 2: 'o|', 4: 'o'}[b] for b in beats) == score
2026-06-13 19:27:36 [INFO] Runtime error: name 'sat' is not defined
2026-06-13 19:27:36 [INFO] 



2026-06-13 19:27:36 [INFO] number id: 193
2026-06-13 19:27:36 [INFO] label id: OverlappingCount:0
2026-06-13 19:27:36 [INFO] puzzle content:
2026-06-13 19:27:36 [INFO] def sat(ans: List[int], s="Bananannanaannanaanananananana", sub="anan", count=7):
    return all(sub == s[i:i + len(sub)] and i >= 0 for i in ans) and len(set(ans)) >= count
2026-06-13 19:27:45 [INFO] Runtime error: name 'sat' is not defined
2026-06-13 19:27:45 [INFO] 



2026-06-13 19:27:45 [INFO] number id: 194
2026-06-13 19:27:45 [INFO] label id: OverlappingCount:1
2026-06-13 19:27:45 [INFO] puzzle content:
2026-06-13 19:27:45 [INFO] def sat(ans: List[int], s="halidykugadobezebothidububawuvejiquitextyrequamobythynethojahyquutatextoquuzilu", sub="ne", count=1):
    return all(sub == s[i:i + len(sub)] and i >= 0 for i in ans) and len(set(ans)) >= count
2026-06-13 19:27:55 [INFO] Runtime error: name 'sat' is not defined
2026-06-13 19:27:55 [INFO] 



2026-06-13 19:27:55 [INFO] number id: 195
2026-06-13 19:27:55 [INFO] label id: OverlappingCount:2
2026-06-13 19:27:55 [INFO] puzzle content:
2026-06-13 19:27:55 [INFO] def sat(ans: List[int], s="sutapifitextidavyjedakotextopogonudy", sub="te", count=2):
    return all(sub == s[i:i + len(sub)] and i >= 0 for i in ans) and len(set(ans)) >= count
2026-06-13 19:28:02 [INFO] Runtime error: name 'sat' is not defined
2026-06-13 19:28:02 [INFO] 



2026-06-13 19:28:02 [INFO] number id: 196
2026-06-13 19:28:02 [INFO] label id: OverlappingCount:3
2026-06-13 19:28:02 [INFO] puzzle content:
2026-06-13 19:28:02 [INFO] def sat(ans: List[int], s="fizyquohachoromuxuquatextidemihithacazynytytextukozarahuwyfuchyquyhidadytext", sub="quohach", count=1):
    return all(sub == s[i:i + len(sub)] and i >= 0 for i in ans) and len(set(ans)) >= count
2026-06-13 19:28:13 [INFO] Runtime error: name 'sat' is not defined
2026-06-13 19:28:13 [INFO] 



2026-06-13 19:28:13 [INFO] number id: 197
2026-06-13 19:28:13 [INFO] label id: OverlappingCount:4
2026-06-13 19:28:13 [INFO] puzzle content:
2026-06-13 19:28:13 [INFO] def sat(ans: List[int], s="wutextega", sub="xtega", count=1):
    return all(sub == s[i:i + len(sub)] and i >= 0 for i in ans) and len(set(ans)) >= count
2026-06-13 19:28:25 [INFO] Runtime error: name 'sat' is not defined
2026-06-13 19:28:25 [INFO] 



2026-06-13 19:28:25 [INFO] number id: 198
2026-06-13 19:28:25 [INFO] label id: SortNumbers:0
2026-06-13 19:28:25 [INFO] puzzle content:
2026-06-13 19:28:25 [INFO] def sat(ans: str, s="six one four three two nine eight"):
    nums = 'zero one two three four five six seven eight nine'.split()
    return [nums.index(x) for x in ans.split(" ")] == sorted([nums.index(x) for x in s.split(" ")])
2026-06-13 19:28:45 [INFO] Runtime error: name 'sat' is not defined
2026-06-13 19:28:45 [INFO] 



2026-06-13 19:28:45 [INFO] number id: 199
2026-06-13 19:28:45 [INFO] label id: SortNumbers:1
2026-06-13 19:28:45 [INFO] puzzle content:
2026-06-13 19:28:45 [INFO] def sat(ans: str, s="nine two four nine zero six six eight"):
    nums = 'zero one two three four five six seven eight nine'.split()
    return [nums.index(x) for x in ans.split(" ")] == sorted([nums.index(x) for x in s.split(" ")])
2026-06-13 19:29:14 [INFO] Runtime error: name 'sat' is not defined
2026-06-13 19:29:14 [INFO] 200 solving 运行耗时: 0.0h, 56.0min, 29.17152714729309s
2026-06-13 19:29:14 [INFO] 
Tokens/token_usage_no_tool_2026-06-13-18-32-45.json
2026-06-13 19:29:14 [INFO] Correct_Q: 0
2026-06-13 19:29:14 [INFO] False_Q: 0
2026-06-13 19:29:14 [INFO] Error_Q: 200
2026-06-13 19:29:14 [INFO] Sum_Q: 200
2026-06-13 19:29:14 [INFO] Acc: 0.00%
2026-06-13 19:29:14 [INFO] Avg_time_per_Q: 16.95s
2026-06-13 19:29:14 [INFO] Total Tokens: 314013
2026-06-13 19:29:14 [INFO] Total Cost: $1.17
2026-06-13 19:29:14 [INFO] ===== with_tool =====
2026-06-13 19:29:14 [INFO] 



2026-06-13 19:29:14 [INFO] number id: 0
2026-06-13 19:29:14 [INFO] label id: Study_1:0
2026-06-13 19:29:14 [INFO] puzzle content:
2026-06-13 19:29:14 [INFO] def sat(s: str):
    return s.count('o') == 1000 and s.count('oo') == 0
2026-06-13 19:29:25 [INFO] Runtime error: name 'sat' is not defined
2026-06-13 19:29:25 [INFO] 



2026-06-13 19:29:25 [INFO] number id: 1
2026-06-13 19:29:25 [INFO] label id: Study_2:0
2026-06-13 19:29:25 [INFO] puzzle content:
2026-06-13 19:29:25 [INFO] def sat(s: str):
    return s.count('o') == 1000 and s.count('oo') == 100 and s.count('ho') == 801
2026-06-13 19:29:37 [INFO] Runtime error: name 'sat' is not defined
2026-06-13 19:29:37 [INFO] 



2026-06-13 19:29:37 [INFO] number id: 2
2026-06-13 19:29:37 [INFO] label id: Study_3:0
2026-06-13 19:29:37 [INFO] puzzle content:
2026-06-13 19:29:37 [INFO] def sat(li: List[int]):
    return sorted(li) == list(range(999)) and all(li[i] != i for i in range(len(li)))
2026-06-13 19:30:03 [INFO] Runtime error: name 'sat' is not defined
2026-06-13 19:30:03 [INFO] 



2026-06-13 19:30:03 [INFO] number id: 3
2026-06-13 19:30:03 [INFO] label id: Study_4:0
2026-06-13 19:30:03 [INFO] puzzle content:
2026-06-13 19:30:03 [INFO] def sat(li: List[int]):
    return len(li) == 10 and li.count(li[3]) == 2
2026-06-13 19:30:14 [INFO] Runtime error: invalid syntax. Perhaps you forgot a comma? (<string>, line 1)
2026-06-13 19:30:14 [INFO] 



2026-06-13 19:30:14 [INFO] number id: 4
2026-06-13 19:30:14 [INFO] label id: Study_5:0
2026-06-13 19:30:14 [INFO] puzzle content:
2026-06-13 19:30:14 [INFO] def sat(li: List[int]):
    return all([li.count(i) == i for i in range(10)])
2026-06-13 19:30:26 [INFO] Runtime error: name 'sat' is not defined
2026-06-13 19:30:26 [INFO] 



2026-06-13 19:30:26 [INFO] number id: 5
2026-06-13 19:30:26 [INFO] label id: Study_6:0
2026-06-13 19:30:26 [INFO] puzzle content:
2026-06-13 19:30:26 [INFO] def sat(i: int):
    return i % 123 == 4 and i > 10 ** 10
2026-06-13 19:30:26 [INFO] Tool->10000000003
2026-06-13 19:30:26 [INFO] Runtime error: name 'sat' is not defined
2026-06-13 19:30:26 [INFO] 



2026-06-13 19:30:26 [INFO] number id: 6
2026-06-13 19:30:26 [INFO] label id: Study_7:0
2026-06-13 19:30:26 [INFO] puzzle content:
2026-06-13 19:30:26 [INFO] def sat(s: str):
    return str(8 ** 2888).count(s) > 8 and len(s) == 3
2026-06-13 19:30:29 [INFO] Tool->'672'
2026-06-13 19:30:29 [INFO] Runtime error: name 'sat' is not defined
2026-06-13 19:30:29 [INFO] 



2026-06-13 19:30:29 [INFO] number id: 7
2026-06-13 19:30:29 [INFO] label id: Study_8:0
2026-06-13 19:30:29 [INFO] puzzle content:
2026-06-13 19:30:29 [INFO] def sat(ls: List[str]):
    return ls[1234] in ls[1235] and ls[1234] != ls[1235]
2026-06-13 19:30:47 [INFO] Runtime error: name 'sat' is not defined
2026-06-13 19:30:47 [INFO] 



2026-06-13 19:30:47 [INFO] number id: 8
2026-06-13 19:30:47 [INFO] label id: Study_9:0
2026-06-13 19:30:47 [INFO] puzzle content:
2026-06-13 19:30:47 [INFO] def sat(li: List[int]):
    return ["The quick brown fox jumps over the lazy dog"[i] for i in li] == list(
        "The five boxing wizards jump quickly")
2026-06-13 19:31:11 [INFO] Runtime error: name 'sat' is not defined
2026-06-13 19:31:11 [INFO] 



2026-06-13 19:31:11 [INFO] number id: 9
2026-06-13 19:31:11 [INFO] label id: Study_10:0
2026-06-13 19:31:11 [INFO] puzzle content:
2026-06-13 19:31:11 [INFO] def sat(s: str):
    return s in str(8 ** 1818) and s == s[::-1] and len(s) > 11
2026-06-13 19:31:12 [INFO] Tool->'8834117114388'
2026-06-13 19:31:12 [INFO] Runtime error: name 'sat' is not defined
2026-06-13 19:31:12 [INFO] 



2026-06-13 19:31:12 [INFO] number id: 10
2026-06-13 19:31:12 [INFO] label id: Study_11:0
2026-06-13 19:31:12 [INFO] puzzle content:
2026-06-13 19:31:12 [INFO] def sat(ls: List[str]):
    return min(ls) == max(ls) == str(len(ls))
2026-06-13 19:31:33 [INFO] Runtime error: name 'sat' is not defined
2026-06-13 19:31:33 [INFO] 



2026-06-13 19:31:33 [INFO] number id: 11
2026-06-13 19:31:33 [INFO] label id: Study_12:0
2026-06-13 19:31:33 [INFO] puzzle content:
2026-06-13 19:31:33 [INFO] def sat(li: List[int]):
    return all(i + j == 9 for i, j in zip([4] + li, li)) and len(li) == 1000
2026-06-13 19:31:46 [INFO] Runtime error: name 'sat' is not defined
2026-06-13 19:31:46 [INFO] 



2026-06-13 19:31:46 [INFO] number id: 12
2026-06-13 19:31:46 [INFO] label id: Study_13:0
2026-06-13 19:31:46 [INFO] puzzle content:
2026-06-13 19:31:46 [INFO] def sat(x: float):
    return str(x - 3.1415).startswith("123.456")
2026-06-13 19:32:07 [INFO] Runtime error: name 'sat' is not defined
2026-06-13 19:32:07 [INFO] 



2026-06-13 19:32:07 [INFO] number id: 13
2026-06-13 19:32:07 [INFO] label id: Study_14:0
2026-06-13 19:32:07 [INFO] puzzle content:
2026-06-13 19:32:07 [INFO] def sat(li: List[int]):
    return all([sum(li[:i]) == i for i in range(20)])
2026-06-13 19:32:41 [INFO] Runtime error: name 'sat' is not defined
2026-06-13 19:32:41 [INFO] 



2026-06-13 19:32:41 [INFO] number id: 14
2026-06-13 19:32:41 [INFO] label id: Study_15:0
2026-06-13 19:32:41 [INFO] puzzle content:
2026-06-13 19:32:41 [INFO] def sat(li: List[int]):
    return all(sum(li[:i]) == 2 ** i - 1 for i in range(20))
2026-06-13 19:33:20 [INFO] Runtime error: name 'sat' is not defined
2026-06-13 19:33:20 [INFO] 



2026-06-13 19:33:20 [INFO] number id: 15
2026-06-13 19:33:20 [INFO] label id: Study_16:0
2026-06-13 19:33:20 [INFO] puzzle content:
2026-06-13 19:33:20 [INFO] def sat(s: str):
    return float(s) + len(s) == 4.5
2026-06-13 19:33:41 [INFO] Runtime error: name 'sat' is not defined
2026-06-13 19:33:41 [INFO] 



2026-06-13 19:33:41 [INFO] number id: 16
2026-06-13 19:33:41 [INFO] label id: Study_17:0
2026-06-13 19:33:41 [INFO] puzzle content:
2026-06-13 19:33:41 [INFO] def sat(i: int):
    return len(str(i + 1000)) > len(str(i + 1001))
2026-06-13 19:33:41 [INFO] Tool->-2000
2026-06-13 19:33:41 [INFO] Runtime error: name 'sat' is not defined
2026-06-13 19:33:41 [INFO] 



2026-06-13 19:33:41 [INFO] number id: 17
2026-06-13 19:33:41 [INFO] label id: Study_18:0
2026-06-13 19:33:41 [INFO] puzzle content:
2026-06-13 19:33:41 [INFO] def sat(ls: List[str]):
    return [s + t for s in ls for t in ls if s != t] == 'berlin berger linber linger gerber gerlin'.split()
2026-06-13 19:34:09 [INFO] Runtime error: name 'sat' is not defined
2026-06-13 19:34:09 [INFO] 



2026-06-13 19:34:09 [INFO] number id: 18
2026-06-13 19:34:09 [INFO] label id: Study_19:0
2026-06-13 19:34:09 [INFO] puzzle content:
2026-06-13 19:34:09 [INFO] def sat(li: List[int]):
    return {i + j for i in li for j in li} == {0, 1, 2, 3, 4, 5, 6, 17, 18, 19, 20, 34}
2026-06-13 19:34:33 [INFO] Runtime error: name 'sat' is not defined
2026-06-13 19:34:33 [INFO] 



2026-06-13 19:34:33 [INFO] number id: 19
2026-06-13 19:34:33 [INFO] label id: Study_20:0
2026-06-13 19:34:33 [INFO] puzzle content:
2026-06-13 19:34:33 [INFO] def sat(li: List[int]):
    return all(j in {i - 1, i + 1, 3 * i} for i, j in zip([0] + li, li + [128]))
2026-06-13 19:34:53 [INFO] Runtime error: name 'sat' is not defined
2026-06-13 19:34:53 [INFO] 



2026-06-13 19:34:53 [INFO] number id: 20
2026-06-13 19:34:53 [INFO] label id: Study_21:0
2026-06-13 19:34:53 [INFO] puzzle content:
2026-06-13 19:34:53 [INFO] def sat(li: List[int]):
    return all([li[i] != li[i + 1] for i in range(10)]) and len(set(li)) == 3
2026-06-13 19:35:12 [INFO] Runtime error: name 'sat' is not defined
2026-06-13 19:35:12 [INFO] 



2026-06-13 19:35:12 [INFO] number id: 21
2026-06-13 19:35:12 [INFO] label id: Study_22:0
2026-06-13 19:35:12 [INFO] puzzle content:
2026-06-13 19:35:12 [INFO] def sat(s: str):
    return s[::2] in s and len(set(s)) == 5
2026-06-13 19:35:23 [INFO] Runtime error: name 'sat' is not defined
2026-06-13 19:35:23 [INFO] 



2026-06-13 19:35:23 [INFO] number id: 22
2026-06-13 19:35:23 [INFO] label id: Study_23:0
2026-06-13 19:35:23 [INFO] puzzle content:
2026-06-13 19:35:23 [INFO] def sat(ls: List[str]):
    return tuple(ls) in zip('dee', 'doo', 'dah!')
2026-06-13 19:35:39 [INFO] Runtime error: name 'sat' is not defined
2026-06-13 19:35:39 [INFO] 



2026-06-13 19:35:39 [INFO] number id: 23
2026-06-13 19:35:39 [INFO] label id: Study_24:0
2026-06-13 19:35:39 [INFO] puzzle content:
2026-06-13 19:35:39 [INFO] def sat(li: List[int]):
    return li.count(17) == 3 and li.count(3) >= 2
2026-06-13 19:35:54 [INFO] Runtime error: name 'sat' is not defined
2026-06-13 19:35:54 [INFO] 



2026-06-13 19:35:54 [INFO] number id: 24
2026-06-13 19:35:54 [INFO] label id: Study_25:0
2026-06-13 19:35:54 [INFO] puzzle content:
2026-06-13 19:35:54 [INFO] def sat(s: str):
    return sorted(s) == sorted('Permute me true') and s == s[::-1]
2026-06-13 19:36:09 [INFO] Runtime error: name 'sat' is not defined
2026-06-13 19:36:09 [INFO] 



2026-06-13 19:36:09 [INFO] number id: 25
2026-06-13 19:36:09 [INFO] label id: Study_26:0
2026-06-13 19:36:09 [INFO] puzzle content:
2026-06-13 19:36:09 [INFO] def sat(ls: List[str]):
    return "".join(ls) == str(8 ** 88) and all(len(s) == 8 for s in ls)
2026-06-13 19:36:09 [INFO] Tool->['29642774', '84475294', '60284341', '72162224', '10441043', '71160744', '03984394', '10114150', '60257611', '87823616']
2026-06-13 19:36:09 [INFO] Runtime error: name 'sat' is not defined
2026-06-13 19:36:09 [INFO] 



2026-06-13 19:36:09 [INFO] number id: 26
2026-06-13 19:36:09 [INFO] label id: Study_27:0
2026-06-13 19:36:09 [INFO] puzzle content:
2026-06-13 19:36:09 [INFO] def sat(li: List[int]):
    return li[li[0]] != li[li[1]] and li[li[li[0]]] == li[li[li[1]]]
2026-06-13 19:36:32 [INFO] Runtime error: name 'sat' is not defined
2026-06-13 19:36:32 [INFO] 



2026-06-13 19:36:32 [INFO] number id: 27
2026-06-13 19:36:32 [INFO] label id: Study_28:0
2026-06-13 19:36:32 [INFO] puzzle content:
2026-06-13 19:36:32 [INFO] def sat(li: List[int]):
    return all(i in range(1000) and abs(i - j) >= 10 for i in li for j in li if i != j) and len(set(li)) == 100
2026-06-13 19:36:52 [INFO] Runtime error: invalid syntax (<string>, line 1)
2026-06-13 19:36:52 [INFO] 



2026-06-13 19:36:52 [INFO] number id: 28
2026-06-13 19:36:52 [INFO] label id: Study_29:0
2026-06-13 19:36:52 [INFO] puzzle content:
2026-06-13 19:36:52 [INFO] def sat(l: List[int]):
    return all(i in range(1000) and abs(i * i - j * j) >= 10 for i in l for j in l if i != j) and len(set(l)) > 995
2026-06-13 19:37:10 [INFO] Runtime error: '[' was never closed (<string>, line 1)
2026-06-13 19:37:10 [INFO] 



2026-06-13 19:37:10 [INFO] number id: 29
2026-06-13 19:37:10 [INFO] label id: Study_30:0
2026-06-13 19:37:10 [INFO] puzzle content:
2026-06-13 19:37:10 [INFO] def sat(li: List[int]):
    return all([123 * li[i] % 1000 < 123 * li[i + 1] % 1000 and li[i] in range(1000) for i in range(20)])
2026-06-13 19:37:32 [INFO] Runtime error: name 'sat' is not defined
2026-06-13 19:37:32 [INFO] 



2026-06-13 19:37:32 [INFO] number id: 30
2026-06-13 19:37:32 [INFO] label id: TowersOfHanoi:0
2026-06-13 19:37:32 [INFO] puzzle content:
2026-06-13 19:37:32 [INFO] def sat(moves: List[List[int]]):
    rods = ([8, 7, 6, 5, 4, 3, 2, 1], [], [])
    for [i, j] in moves:
        rods[j].append(rods[i].pop())
        assert rods[j][-1] == min(rods[j]), "larger disk on top of smaller disk"
    return rods[0] == rods[1] == []
2026-06-13 19:37:57 [INFO] Runtime error: name 'sat' is not defined
2026-06-13 19:37:57 [INFO] 



2026-06-13 19:37:57 [INFO] number id: 31
2026-06-13 19:37:57 [INFO] label id: TowersOfHanoiArbitrary:0
2026-06-13 19:37:57 [INFO] puzzle content:
2026-06-13 19:37:57 [INFO] def sat(moves: List[List[int]], source=[[0, 7], [4, 5, 6], [1, 2, 3, 8]], target=[[0, 1, 2, 3, 8], [4, 5], [6, 7]]):
    state = [s[:] for s in source]

    for [i, j] in moves:
        state[j].append(state[i].pop())
        assert state[j] == sorted(state[j])

    return state == target
2026-06-13 19:38:17 [INFO] Runtime error: name 'sat' is not defined
2026-06-13 19:38:17 [INFO] 



2026-06-13 19:38:17 [INFO] number id: 32
2026-06-13 19:38:17 [INFO] label id: TowersOfHanoiArbitrary:1
2026-06-13 19:38:17 [INFO] puzzle content:
2026-06-13 19:38:17 [INFO] def sat(moves: List[List[int]], source=[[1, 3, 5], [2, 8, 14], [0, 4, 6, 7, 9, 10, 11, 12, 13]], target=[[5, 12], [0, 3, 4, 7, 10, 11], [1, 2, 6, 8, 9, 13, 14]]):
    state = [s[:] for s in source]

    for [i, j] in moves:
        state[j].append(state[i].pop())
        assert state[j] == sorted(state[j])

    return state == target
2026-06-13 19:38:40 [INFO] Runtime error: name 'sat' is not defined
2026-06-13 19:38:40 [INFO] 



2026-06-13 19:38:40 [INFO] number id: 33
2026-06-13 19:38:40 [INFO] label id: TowersOfHanoiArbitrary:2
2026-06-13 19:38:40 [INFO] puzzle content:
2026-06-13 19:38:40 [INFO] def sat(moves: List[List[int]], source=[[0, 1, 6, 7, 8, 9, 14, 16], [5, 15], [2, 3, 4, 10, 11, 12, 13]], target=[[1, 2, 4, 5, 13], [3, 6, 11, 12, 14], [0, 7, 8, 9, 10, 15, 16]]):
    state = [s[:] for s in source]

    for [i, j] in moves:
        state[j].append(state[i].pop())
        assert state[j] == sorted(state[j])

    return state == target
2026-06-13 19:38:59 [INFO] Runtime error: name 'sat' is not defined
2026-06-13 19:38:59 [INFO] 



2026-06-13 19:38:59 [INFO] number id: 34
2026-06-13 19:38:59 [INFO] label id: TowersOfHanoiArbitrary:3
2026-06-13 19:38:59 [INFO] puzzle content:
2026-06-13 19:38:59 [INFO] def sat(moves: List[List[int]], source=[[2, 11, 12, 16], [1, 3, 6, 8, 9, 10, 13], [0, 4, 5, 7, 14, 15]], target=[[0, 2, 3, 5, 7, 8, 14, 16], [9, 11, 12, 13, 15], [1, 4, 6, 10]]):
    state = [s[:] for s in source]

    for [i, j] in moves:
        state[j].append(state[i].pop())
        assert state[j] == sorted(state[j])

    return state == target
2026-06-13 19:39:19 [INFO] Runtime error: name 'sat' is not defined
2026-06-13 19:39:19 [INFO] 



2026-06-13 19:39:19 [INFO] number id: 35
2026-06-13 19:39:19 [INFO] label id: TowersOfHanoiArbitrary:4
2026-06-13 19:39:19 [INFO] puzzle content:
2026-06-13 19:39:19 [INFO] def sat(moves: List[List[int]], source=[[5, 6], [1, 2, 4], [0, 3]], target=[[2, 3, 4, 6], [0, 1], [5]]):
    state = [s[:] for s in source]

    for [i, j] in moves:
        state[j].append(state[i].pop())
        assert state[j] == sorted(state[j])

    return state == target
2026-06-13 19:39:36 [INFO] Runtime error: name 'sat' is not defined
2026-06-13 19:39:36 [INFO] 



2026-06-13 19:39:36 [INFO] number id: 36
2026-06-13 19:39:36 [INFO] label id: LongestMonotonicSubstring:0
2026-06-13 19:39:36 [INFO] puzzle content:
2026-06-13 19:39:36 [INFO] def sat(x: List[int], length=13, s="Dynamic programming solves this puzzle!!!"):
    return all(s[x[i]] <= s[x[i + 1]] and x[i + 1] > x[i] >= 0 for i in range(length - 1))
2026-06-13 19:39:56 [INFO] Runtime error: name 'sat' is not defined
2026-06-13 19:39:56 [INFO] 



2026-06-13 19:39:56 [INFO] number id: 37
2026-06-13 19:39:56 [INFO] label id: LongestMonotonicSubstring:1
2026-06-13 19:39:56 [INFO] puzzle content:
2026-06-13 19:39:56 [INFO] def sat(x: List[int], length=193, s="    !!\"\"\"#$$%&&')''((()!))****X**++,,,,---...///0111114445556888::::;s;;<<==,=>>>>ABBBBBCDEEEEEEEFGHIIKKKKLMNOOPPPQQQRRRRASUUUVVVWWXXZZZ[]]]!``aEaabbbccccPcdeeeeefghjjjjkkkllmmooooKpppppqsttwt'$ww=wLwwyyyyzz{"):
    return all(s[x[i]] <= s[x[i + 1]] and x[i + 1] > x[i] >= 0 for i in range(length - 1))
2026-06-13 19:40:16 [INFO] Runtime error: name 'sat' is not defined
2026-06-13 19:40:16 [INFO] 



2026-06-13 19:40:16 [INFO] number id: 38
2026-06-13 19:40:16 [INFO] label id: LongestMonotonicSubstring:2
2026-06-13 19:40:16 [INFO] puzzle content:
2026-06-13 19:40:16 [INFO] def sat(x: List[int], length=737, s="    _   !m!!!!!!!!!!!V!\"=\"\"\"\"\"l#####$$r$$$$$$$$$%%%%%&&&&&&y&''''''@'''''<(((())))))******+++++++p,,,,,!,-----w-----o-....,.......//////D000000000000111111111222222,23h33c33334444444'4455555555566666R6@9777777T7888888-8994999999999::::::::::;;;;;;;P;;;<<<:<<^<)<<sn<<<====u=*=>>>>>>>>>???A?j??8??.?@@O@@@@@@ArAA&ABBBBBBBBBCCCCCDDDEEEEEEEEE%E(EEEEEFF!FFG-GGGGGGGGHHCHHHIGIsIIIInIIIIJJJRJFJJKKKKKKa0K<KKLL.LLLLLLMMMnMMM_MMMNNNONNOOOOOPPPP4LPPPPQQ\\QQQbQQQ7QQRRRRR\"RRSSSSSSTTgTTTTUUtUUUUUVVVVVVVVVVVqVVVMWWRWWWWWWWW%XXXXXXXXXXYYYYYZZZZZZZZZ2y[S[[[I[[[[\\$g\"\\\\\\\\T]]]]]]]]]]^^o^^______________`?&`I`y````aaaaaabbbbcccccc3ddddIu;L*dddeeee#eee]ffff1f]=fffffffffgggghhxhhhhhhiigiiiiiiiDiiCiiiijLjjIljjjjjjjkklllllmmmmJymmmmnnnnMnnnnnnoooiobooXoopppppqy5qqqdqqrrIrrrrJrssssssssTsstt'ttttZttt@tttuluuuuu0uuuvvxvvvv\\vv3vvvvwwwwwwba.wwx4xxxxxxxxxxxxxJyyyyyyyyyyzzzzzzzz{{{{{{{{"):
    return all(s[x[i]] <= s[x[i + 1]] and x[i + 1] > x[i] >= 0 for i in range(length - 1))
2026-06-13 19:40:50 [INFO] Runtime error: name 'sat' is not defined
2026-06-13 19:40:50 [INFO] 



2026-06-13 19:40:50 [INFO] number id: 39
2026-06-13 19:40:50 [INFO] label id: LongestMonotonicSubstring:3
2026-06-13 19:40:50 [INFO] puzzle content:
2026-06-13 19:40:50 [INFO] def sat(x: List[int], length=0, s=""):
    return all(s[x[i]] <= s[x[i + 1]] and x[i + 1] > x[i] >= 0 for i in range(length - 1))
2026-06-13 19:41:02 [INFO] Runtime error: name 'sat' is not defined
2026-06-13 19:41:02 [INFO] 



2026-06-13 19:41:02 [INFO] number id: 40
2026-06-13 19:41:02 [INFO] label id: LongestMonotonicSubstring:4
2026-06-13 19:41:02 [INFO] puzzle content:
2026-06-13 19:41:02 [INFO] def sat(x: List[int], length=1, s="xwV"):
    return all(s[x[i]] <= s[x[i + 1]] and x[i + 1] > x[i] >= 0 for i in range(length - 1))
2026-06-13 19:41:21 [INFO] Runtime error: name 'sat' is not defined
2026-06-13 19:41:21 [INFO] 



2026-06-13 19:41:21 [INFO] number id: 41
2026-06-13 19:41:21 [INFO] label id: LongestMonotonicSubstringTricky:0
2026-06-13 19:41:21 [INFO] puzzle content:
2026-06-13 19:41:21 [INFO] def sat(x: List[int], length=20, s="Dynamic programming solves this classic job-interview puzzle!!!"):
    return all(s[x[i]] <= s[x[i + 1]] and x[i + 1] > x[i] for i in range(length - 1))
2026-06-13 19:41:43 [INFO] Runtime error: name 'sat' is not defined
2026-06-13 19:41:43 [INFO] 



2026-06-13 19:41:43 [INFO] number id: 42
2026-06-13 19:41:43 [INFO] label id: LongestMonotonicSubstringTricky:1
2026-06-13 19:41:43 [INFO] puzzle content:
2026-06-13 19:41:43 [INFO] def sat(x: List[int], length=535, s="RRRS  S !L!eSSSS!TTT+!TTTUU!!UU!UU\"U\"\"\"VVV\"\"\"VK#WW##gfW##X##6$$X$XX@$XXP%%%YY%+YY%&ZZ)%ZZ&#Z&[&[[[[\\'\\\\]\\\\]''']]']]]^^(^R^((^))^)^^*^_*_L____**;**_``*```++`+`+[+++``,m,,`,,-aa@aa[a-arb-b--b(vzbb-.b.6.ccc.cKcc.cc//c/cc//dddddd/0deeeee000e0f0ff0f01ff11f1<1gg;g12R2g22233gg33g333g3g445555566ghhh66799h9hhh9h999iEii/iYi::i::j:jvv:;;;;jj<j<<k===kkkk===ll=l=l>>l>ll0>l>m>m@mmm??0m^,?nn???n?sn@@oo@DobAAooAo7AAppppBqC$qqqqCCCCqqqqrDrrrrrrrDbrsDDDEsEs9asssfttEtttEEEtEEtFFtuuLFuuuFFFvF0FGvGGGvvvvRwwwwxGHxHHHx+HIxxIexxIIyyyPCyyyII,yIyyIzIJzJJQJzKzzKz{KK{{{{{[K{K{KK{?{KLLLLLLLMMM>NNNNNOOOOOOOOPPPQQQQQQQRRR"):
    return all(s[x[i]] <= s[x[i + 1]] and x[i + 1] > x[i] for i in range(length - 1))
2026-06-13 19:42:08 [INFO] Runtime error: invalid syntax (<string>, line 1)
2026-06-13 19:42:08 [INFO] 



2026-06-13 19:42:08 [INFO] number id: 43
2026-06-13 19:42:08 [INFO] label id: LongestMonotonicSubstringTricky:2
2026-06-13 19:42:08 [INFO] puzzle content:
2026-06-13 19:42:08 [INFO] def sat(x: List[int], length=1, s="O!A{SeKv"):
    return all(s[x[i]] <= s[x[i + 1]] and x[i + 1] > x[i] for i in range(length - 1))
2026-06-13 19:42:24 [INFO] Runtime error: name 'sat' is not defined
2026-06-13 19:42:24 [INFO] 



2026-06-13 19:42:24 [INFO] number id: 44
2026-06-13 19:42:24 [INFO] label id: LongestMonotonicSubstringTricky:3
2026-06-13 19:42:24 [INFO] puzzle content:
2026-06-13 19:42:24 [INFO] def sat(x: List[int], length=61, s=" OW##P%T'UW)X+X-YY]^_`bd/044e5egk7lm779:<m?D@ADnnpDEFIpNNOqqwxx"):
    return all(s[x[i]] <= s[x[i + 1]] and x[i + 1] > x[i] for i in range(length - 1))
2026-06-13 19:42:47 [INFO] Runtime error: name 'sat' is not defined
2026-06-13 19:42:47 [INFO] 



2026-06-13 19:42:47 [INFO] number id: 45
2026-06-13 19:42:47 [INFO] label id: LongestMonotonicSubstringTricky:4
2026-06-13 19:42:47 [INFO] puzzle content:
2026-06-13 19:42:47 [INFO] def sat(x: List[int], length=19, s="1>C>DmJh5\"Ju,\"Q8zJ_u-O-VfnVTZ?W'm=jq.\\l&%m$cU.nqv2\\**.o\">]FZ5owil>l*kIM wcLd<*UX`\"_u'DC3R$8wr;jT]CW\"F$QKeRPMzZY'U42&Km dRr8b$T3x)w2v,_k(dR,F:`=c$MjE_Kf/KCXFg^ueiO.U%S8_](:GF;`2`^O%eAqSRAHW0dYg5!u<ZV@usa`-<<ET@xZ)&<6=ogIhp9jJ/`$/_jEa-N$oZVT6#]^]x5u!$ Xk?g=TMwVGZqTU(OeH!Jbgz!9`%yxq(GN+@yD6RM1M#:geJpIPw1l{xxK!z'tXS5-S+vvE(nO:I_`l14Gz@U^.Ra73g!iH\\\"0{*>F@K'q>2HgCc^:baOy[,9vJtFWPAed2w_7zHLl&.x^:XLwwtS+Ocr#, *qXmo9Sp,Z>{l&ElT>RNZ:.5f6,yedMqH8?jA=_@oK;X\\pm>r0Il0+k\\,&'u*(S`]>u?(4M\\3=0 F<Jh?v`wz85A=?q3FUP<HiW[t0QB-Dx=e=ggmY29G4[HR!4i-*y@s$0)E'XPud6)gt(O[RWVf]ci,4.(:  8H[**k[g* T`z.Y2)Oq5`R8H$$joU/xfl*e4 \\z>*MS8wqj0(HwK?gvpuma{V5inBL\",39`%*r$uPi=%:s!<?{FCb-zILUAT?kdy\"B;sfYu#DoVp-'+]z:/c8eo2v&UAoeXEe:w#JZHKR\\3Xmxf'9jlHli*PTR-y`sdqRnv=;E$s]m!%I*`<*&.5N)wrI\"C=4^9RP5'9[5\"uG(4YU{3_aPHffi<E*+nVYQq37UP(P#wU9;p0Si.vyM1e?tXWZ9dRho1i!(we-<waQrvITH6vkTCG2 9hxMvtZ8QdR%WQ[B^0X1B;Vm&g/o=;YlD5[`Oh"):
    return all(s[x[i]] <= s[x[i + 1]] and x[i + 1] > x[i] for i in range(length - 1))
2026-06-13 19:43:06 [INFO] Runtime error: name 'sat' is not defined
2026-06-13 19:43:06 [INFO] 



2026-06-13 19:43:06 [INFO] number id: 46
2026-06-13 19:43:06 [INFO] label id: Quine:0
2026-06-13 19:43:06 [INFO] puzzle content:
2026-06-13 19:43:06 [INFO] def sat(quine: str):
    return eval(quine) == quine
2026-06-13 19:43:18 [INFO] Runtime error: name 'sat' is not defined
2026-06-13 19:43:18 [INFO] 



2026-06-13 19:43:18 [INFO] number id: 47
2026-06-13 19:43:18 [INFO] label id: RevQuine:0
2026-06-13 19:43:18 [INFO] puzzle content:
2026-06-13 19:43:18 [INFO] def sat(rev_quine: str):
    return eval(rev_quine[::-1]) == rev_quine
2026-06-13 19:43:28 [INFO] Runtime error: name 'sat' is not defined
2026-06-13 19:43:28 [INFO] 



2026-06-13 19:43:28 [INFO] number id: 48
2026-06-13 19:43:28 [INFO] label id: BooleanPythagoreanTriples:0
2026-06-13 19:43:28 [INFO] puzzle content:
2026-06-13 19:43:28 [INFO] def sat(colors: List[int], n=100):
    assert set(colors) <= {0, 1} and len(colors) >= n
    squares = {i ** 2: colors[i] for i in range(1, len(colors))}
    return not any(c == d == squares.get(i + j) for i, c in squares.items() for j, d in squares.items())
2026-06-13 19:43:38 [INFO] Runtime error: name 'sat' is not defined
2026-06-13 19:43:38 [INFO] 



2026-06-13 19:43:38 [INFO] number id: 49
2026-06-13 19:43:38 [INFO] label id: BooleanPythagoreanTriples:1
2026-06-13 19:43:38 [INFO] puzzle content:
2026-06-13 19:43:38 [INFO] def sat(colors: List[int], n=7824):
    assert set(colors) <= {0, 1} and len(colors) >= n
    squares = {i ** 2: colors[i] for i in range(1, len(colors))}
    return not any(c == d == squares.get(i + j) for i, c in squares.items() for j, d in squares.items())
2026-06-13 19:43:54 [INFO] Runtime error: name 'sat' is not defined
2026-06-13 19:43:54 [INFO] 



2026-06-13 19:43:54 [INFO] number id: 50
2026-06-13 19:43:54 [INFO] label id: BooleanPythagoreanTriples:2
2026-06-13 19:43:54 [INFO] puzzle content:
2026-06-13 19:43:54 [INFO] def sat(colors: List[int], n=0):
    assert set(colors) <= {0, 1} and len(colors) >= n
    squares = {i ** 2: colors[i] for i in range(1, len(colors))}
    return not any(c == d == squares.get(i + j) for i, c in squares.items() for j, d in squares.items())
2026-06-13 19:44:18 [INFO] Runtime error: name 'sat' is not defined
2026-06-13 19:44:18 [INFO] 



2026-06-13 19:44:18 [INFO] number id: 51
2026-06-13 19:44:18 [INFO] label id: BooleanPythagoreanTriples:3
2026-06-13 19:44:18 [INFO] puzzle content:
2026-06-13 19:44:18 [INFO] def sat(colors: List[int], n=1):
    assert set(colors) <= {0, 1} and len(colors) >= n
    squares = {i ** 2: colors[i] for i in range(1, len(colors))}
    return not any(c == d == squares.get(i + j) for i, c in squares.items() for j, d in squares.items())
2026-06-13 19:44:45 [INFO] Runtime error: name 'sat' is not defined
2026-06-13 19:44:45 [INFO] 



2026-06-13 19:44:45 [INFO] number id: 52
2026-06-13 19:44:45 [INFO] label id: ClockAngle:0
2026-06-13 19:44:45 [INFO] puzzle content:
2026-06-13 19:44:45 [INFO] def sat(hands: List[int], target_angle=45):
    h, m = hands
    assert 0 < h <= 12 and 0 <= m < 60
    hour_angle = 30 * h + m / 2
    minute_angle = 6 * m
    return abs(hour_angle - minute_angle) in [target_angle, 360 - target_angle]
2026-06-13 19:45:13 [INFO] Runtime error: name 'sat' is not defined
2026-06-13 19:45:13 [INFO] 



2026-06-13 19:45:13 [INFO] number id: 53
2026-06-13 19:45:13 [INFO] label id: ClockAngle:1
2026-06-13 19:45:13 [INFO] puzzle content:
2026-06-13 19:45:13 [INFO] def sat(hands: List[int], target_angle=39):
    h, m = hands
    assert 0 < h <= 12 and 0 <= m < 60
    hour_angle = 30 * h + m / 2
    minute_angle = 6 * m
    return abs(hour_angle - minute_angle) in [target_angle, 360 - target_angle]
2026-06-13 19:45:33 [INFO] Runtime error: name 'sat' is not defined
2026-06-13 19:45:33 [INFO] 



2026-06-13 19:45:33 [INFO] number id: 54
2026-06-13 19:45:33 [INFO] label id: ClockAngle:2
2026-06-13 19:45:33 [INFO] puzzle content:
2026-06-13 19:45:33 [INFO] def sat(hands: List[int], target_angle=133):
    h, m = hands
    assert 0 < h <= 12 and 0 <= m < 60
    hour_angle = 30 * h + m / 2
    minute_angle = 6 * m
    return abs(hour_angle - minute_angle) in [target_angle, 360 - target_angle]
2026-06-13 19:45:57 [INFO] Runtime error: name 'sat' is not defined
2026-06-13 19:45:57 [INFO] 



2026-06-13 19:45:57 [INFO] number id: 55
2026-06-13 19:45:57 [INFO] label id: ClockAngle:3
2026-06-13 19:45:57 [INFO] puzzle content:
2026-06-13 19:45:57 [INFO] def sat(hands: List[int], target_angle=138):
    h, m = hands
    assert 0 < h <= 12 and 0 <= m < 60
    hour_angle = 30 * h + m / 2
    minute_angle = 6 * m
    return abs(hour_angle - minute_angle) in [target_angle, 360 - target_angle]
2026-06-13 19:46:23 [INFO] Runtime error: name 'sat' is not defined
2026-06-13 19:46:23 [INFO] 



2026-06-13 19:46:23 [INFO] number id: 56
2026-06-13 19:46:23 [INFO] label id: ClockAngle:4
2026-06-13 19:46:23 [INFO] puzzle content:
2026-06-13 19:46:23 [INFO] def sat(hands: List[int], target_angle=68):
    h, m = hands
    assert 0 < h <= 12 and 0 <= m < 60
    hour_angle = 30 * h + m / 2
    minute_angle = 6 * m
    return abs(hour_angle - minute_angle) in [target_angle, 360 - target_angle]
2026-06-13 19:46:44 [INFO] Runtime error: name 'sat' is not defined
2026-06-13 19:46:44 [INFO] 



2026-06-13 19:46:44 [INFO] number id: 57
2026-06-13 19:46:44 [INFO] label id: Kirkman:0
2026-06-13 19:46:44 [INFO] puzzle content:
2026-06-13 19:46:44 [INFO] def sat(daygroups: List[List[List[int]]]):
    assert len(daygroups) == 7
    assert all(len(groups) == 5 and {i for g in groups for i in g} == set(range(15)) for groups in daygroups)
    assert all(len(g) == 3 for groups in daygroups for g in groups)
    return len({(i, j) for groups in daygroups for g in groups for i in g for j in g}) == 15 * 15
2026-06-13 19:47:07 [INFO] Runtime error: invalid syntax (<string>, line 1)
2026-06-13 19:47:07 [INFO] 



2026-06-13 19:47:07 [INFO] number id: 58
2026-06-13 19:47:07 [INFO] label id: MonkeyAndCoconuts:0
2026-06-13 19:47:07 [INFO] puzzle content:
2026-06-13 19:47:07 [INFO] def sat(n: int):
    for i in range(5):
        assert n % 5 == 1
        n -= 1 + (n - 1) // 5
    return n > 0 and n % 5 == 1
2026-06-13 19:47:22 [INFO] Runtime error: name 'sat' is not defined
2026-06-13 19:47:22 [INFO] 



2026-06-13 19:47:22 [INFO] number id: 59
2026-06-13 19:47:22 [INFO] label id: No3Colinear:0
2026-06-13 19:47:22 [INFO] puzzle content:
2026-06-13 19:47:22 [INFO] def sat(coords: List[List[int]], side=10, num_points=20):
    for i1 in range(len(coords)):
        x1, y1 = coords[i1]
        assert 0 <= x1 < side and 0 <= y1 < side
        for i2 in range(i1):
            x2, y2 = coords[i2]
            for i3 in range(i2):
                x3, y3 = coords[i3]
                assert x1 * (y2 - y3) + x2 * (y3 - y1) + x3 * (y1 - y2) != 0
    return len({(a, b) for a, b in coords}) == len(coords) >= num_points
2026-06-13 19:47:44 [INFO] Runtime error: name 'sat' is not defined
2026-06-13 19:47:44 [INFO] 



2026-06-13 19:47:44 [INFO] number id: 60
2026-06-13 19:47:44 [INFO] label id: No3Colinear:1
2026-06-13 19:47:44 [INFO] puzzle content:
2026-06-13 19:47:44 [INFO] def sat(coords: List[List[int]], side=0, num_points=0):
    for i1 in range(len(coords)):
        x1, y1 = coords[i1]
        assert 0 <= x1 < side and 0 <= y1 < side
        for i2 in range(i1):
            x2, y2 = coords[i2]
            for i3 in range(i2):
                x3, y3 = coords[i3]
                assert x1 * (y2 - y3) + x2 * (y3 - y1) + x3 * (y1 - y2) != 0
    return len({(a, b) for a, b in coords}) == len(coords) >= num_points
2026-06-13 19:48:11 [INFO] Runtime error: invalid syntax (<string>, line 1)
2026-06-13 19:48:11 [INFO] 



2026-06-13 19:48:11 [INFO] number id: 61
2026-06-13 19:48:11 [INFO] label id: No3Colinear:2
2026-06-13 19:48:11 [INFO] puzzle content:
2026-06-13 19:48:11 [INFO] def sat(coords: List[List[int]], side=1, num_points=1):
    for i1 in range(len(coords)):
        x1, y1 = coords[i1]
        assert 0 <= x1 < side and 0 <= y1 < side
        for i2 in range(i1):
            x2, y2 = coords[i2]
            for i3 in range(i2):
                x3, y3 = coords[i3]
                assert x1 * (y2 - y3) + x2 * (y3 - y1) + x3 * (y1 - y2) != 0
    return len({(a, b) for a, b in coords}) == len(coords) >= num_points
2026-06-13 19:48:40 [INFO] Runtime error: name 'sat' is not defined
2026-06-13 19:48:40 [INFO] 



2026-06-13 19:48:40 [INFO] number id: 62
2026-06-13 19:48:40 [INFO] label id: No3Colinear:3
2026-06-13 19:48:40 [INFO] puzzle content:
2026-06-13 19:48:40 [INFO] def sat(coords: List[List[int]], side=2, num_points=4):
    for i1 in range(len(coords)):
        x1, y1 = coords[i1]
        assert 0 <= x1 < side and 0 <= y1 < side
        for i2 in range(i1):
            x2, y2 = coords[i2]
            for i3 in range(i2):
                x3, y3 = coords[i3]
                assert x1 * (y2 - y3) + x2 * (y3 - y1) + x3 * (y1 - y2) != 0
    return len({(a, b) for a, b in coords}) == len(coords) >= num_points
2026-06-13 19:49:08 [INFO] Runtime error: name 'sat' is not defined
2026-06-13 19:49:08 [INFO] 



2026-06-13 19:49:08 [INFO] number id: 63
2026-06-13 19:49:08 [INFO] label id: PostageStamp:0
2026-06-13 19:49:08 [INFO] puzzle content:
2026-06-13 19:49:08 [INFO] def sat(stamps: List[int], target=80, max_stamps=4, options=[10, 32, 8]):
    for s in stamps:
        assert s in options
    return len(stamps) <= max_stamps and sum(stamps) == target
2026-06-13 19:49:29 [INFO] Runtime error: name 'sat' is not defined
2026-06-13 19:49:29 [INFO] 



2026-06-13 19:49:29 [INFO] number id: 64
2026-06-13 19:49:29 [INFO] label id: PostageStamp:1
2026-06-13 19:49:29 [INFO] puzzle content:
2026-06-13 19:49:29 [INFO] def sat(stamps: List[int], target=271, max_stamps=8, options=[37, 37, 12, 87, 39]):
    for s in stamps:
        assert s in options
    return len(stamps) <= max_stamps and sum(stamps) == target
2026-06-13 19:49:51 [INFO] Runtime error: name 'sat' is not defined
2026-06-13 19:49:51 [INFO] 



2026-06-13 19:49:51 [INFO] number id: 65
2026-06-13 19:49:51 [INFO] label id: PostageStamp:2
2026-06-13 19:49:51 [INFO] puzzle content:
2026-06-13 19:49:51 [INFO] def sat(stamps: List[int], target=3, max_stamps=3, options=[18, 1, 43, 81]):
    for s in stamps:
        assert s in options
    return len(stamps) <= max_stamps and sum(stamps) == target
2026-06-13 19:50:14 [INFO] Runtime error: name 'sat' is not defined
2026-06-13 19:50:14 [INFO] 



2026-06-13 19:50:14 [INFO] number id: 66
2026-06-13 19:50:14 [INFO] label id: PostageStamp:3
2026-06-13 19:50:14 [INFO] puzzle content:
2026-06-13 19:50:14 [INFO] def sat(stamps: List[int], target=19, max_stamps=2, options=[19, 14, 81]):
    for s in stamps:
        assert s in options
    return len(stamps) <= max_stamps and sum(stamps) == target
2026-06-13 19:50:30 [INFO] Runtime error: name 'sat' is not defined
2026-06-13 19:50:30 [INFO] 



2026-06-13 19:50:30 [INFO] number id: 67
2026-06-13 19:50:30 [INFO] label id: PostageStamp:4
2026-06-13 19:50:30 [INFO] puzzle content:
2026-06-13 19:50:30 [INFO] def sat(stamps: List[int], target=56, max_stamps=1, options=[25, 22, 8, 84, 60, 56, 54, 7, 8]):
    for s in stamps:
        assert s in options
    return len(stamps) <= max_stamps and sum(stamps) == target
2026-06-13 19:50:44 [INFO] Runtime error: name 'sat' is not defined
2026-06-13 19:50:44 [INFO] 



2026-06-13 19:50:44 [INFO] number id: 68
2026-06-13 19:50:44 [INFO] label id: Sudoku:0
2026-06-13 19:50:44 [INFO] puzzle content:
2026-06-13 19:50:44 [INFO] def sat(x: str, puz="____9_2___7__________1_8_4____2_78____4_____1____69____2_8___5__6__3_7___49______"):
    assert all(c == "_" or c == s for (c, s) in zip(puz, x))

    full = set('123456789')
    for i in range(9):
        assert {x[i] for i in range(9 * i, 9 * i + 9)} == full, "invalid row"
        assert {x[i] for i in range(i, i + 81, 9)} == full, "invalid column"
        assert {x[9 * a + b + i + 26 * (i % 3)] for a in range(3) for b in range(3)} == full, "invalid square"

    return True
2026-06-13 19:51:11 [INFO] Runtime error: name 'sat' is not defined
2026-06-13 19:51:11 [INFO] 



2026-06-13 19:51:11 [INFO] number id: 69
2026-06-13 19:51:11 [INFO] label id: Sudoku:1
2026-06-13 19:51:11 [INFO] puzzle content:
2026-06-13 19:51:11 [INFO] def sat(x: str, puz="__2__1_3__9_7_____5______8_6___5_______12____2____3_68________9_1_8__4____7____25"):
    assert all(c == "_" or c == s for (c, s) in zip(puz, x))

    full = set('123456789')
    for i in range(9):
        assert {x[i] for i in range(9 * i, 9 * i + 9)} == full, "invalid row"
        assert {x[i] for i in range(i, i + 81, 9)} == full, "invalid column"
        assert {x[9 * a + b + i + 26 * (i % 3)] for a in range(3) for b in range(3)} == full, "invalid square"

    return True
2026-06-13 19:51:22 [INFO] Runtime error: name 'sat' is not defined
2026-06-13 19:51:22 [INFO] 



2026-06-13 19:51:22 [INFO] number id: 70
2026-06-13 19:51:22 [INFO] label id: Sudoku:2
2026-06-13 19:51:22 [INFO] puzzle content:
2026-06-13 19:51:22 [INFO] def sat(x: str, puz="__721__56__27___________9______5____62______1_1___9___8_____________3197__61__32_"):
    assert all(c == "_" or c == s for (c, s) in zip(puz, x))

    full = set('123456789')
    for i in range(9):
        assert {x[i] for i in range(9 * i, 9 * i + 9)} == full, "invalid row"
        assert {x[i] for i in range(i, i + 81, 9)} == full, "invalid column"
        assert {x[9 * a + b + i + 26 * (i % 3)] for a in range(3) for b in range(3)} == full, "invalid square"

    return True
2026-06-13 19:51:36 [INFO] Runtime error: name 'sat' is not defined
2026-06-13 19:51:36 [INFO] 



2026-06-13 19:51:36 [INFO] number id: 71
2026-06-13 19:51:36 [INFO] label id: Sudoku:3
2026-06-13 19:51:36 [INFO] puzzle content:
2026-06-13 19:51:36 [INFO] def sat(x: str, puz="_____42______7_____4______9__49___626_8__3___3_7__65_4_5_3__1__1____8_7__________"):
    assert all(c == "_" or c == s for (c, s) in zip(puz, x))

    full = set('123456789')
    for i in range(9):
        assert {x[i] for i in range(9 * i, 9 * i + 9)} == full, "invalid row"
        assert {x[i] for i in range(i, i + 81, 9)} == full, "invalid column"
        assert {x[9 * a + b + i + 26 * (i % 3)] for a in range(3) for b in range(3)} == full, "invalid square"

    return True
2026-06-13 19:53:38 [INFO] Runtime error: name 'sat' is not defined
2026-06-13 19:53:38 [INFO] 



2026-06-13 19:53:38 [INFO] number id: 72
2026-06-13 19:53:38 [INFO] label id: Sudoku:4
2026-06-13 19:53:38 [INFO] puzzle content:
2026-06-13 19:53:38 [INFO] def sat(x: str, puz="___56_4_7__92_4_65___3______9____2___5_______7___8___1_________43_____5_____76__2"):
    assert all(c == "_" or c == s for (c, s) in zip(puz, x))

    full = set('123456789')
    for i in range(9):
        assert {x[i] for i in range(9 * i, 9 * i + 9)} == full, "invalid row"
        assert {x[i] for i in range(i, i + 81, 9)} == full, "invalid column"
        assert {x[9 * a + b + i + 26 * (i % 3)] for a in range(3) for b in range(3)} == full, "invalid square"

    return True
2026-06-13 19:53:47 [INFO] Runtime error: name 'sat' is not defined
2026-06-13 19:53:47 [INFO] 



2026-06-13 19:53:47 [INFO] number id: 73
2026-06-13 19:53:47 [INFO] label id: SquaringTheSquare:0
2026-06-13 19:53:47 [INFO] puzzle content:
2026-06-13 19:53:47 [INFO] def sat(xy_sides: List[List[int]]):
    n = max(x + side for x, y, side in xy_sides)
    assert len({side for x, y, side in xy_sides}) == len(xy_sides) > 1
    for x, y, s in xy_sides:
        assert 0 <= y < y + s <= n and 0 <= x
        for x2, y2, s2 in xy_sides:
            assert s2 <= s or x2 >= x + s or x2 + s2 <= x or y2 >= y + s or y2 + s2 <= y

    return sum(side ** 2 for x, y, side in xy_sides) == n ** 2
2026-06-13 19:54:01 [INFO] Runtime error: name 'sat' is not defined
2026-06-13 19:54:01 [INFO] 



2026-06-13 19:54:01 [INFO] number id: 74
2026-06-13 19:54:01 [INFO] label id: NecklaceSplit:0
2026-06-13 19:54:01 [INFO] puzzle content:
2026-06-13 19:54:01 [INFO] def sat(n: int, lace="bbrbrbbbbbbrrrrrrrbrrrrbbbrbrrbbbrbrrrbrrbrrbrbbrrrrrbrbbbrrrbbbrbbrbbbrbrbb"):
    sub = lace[n: n + len(lace) // 2]
    return n >= 0 and lace.count("r") == 2 * sub.count("r") and lace.count("b") == 2 * sub.count("b")
2026-06-13 19:54:01 [INFO] Tool->37
2026-06-13 19:54:01 [INFO] Runtime error: name 'sat' is not defined
2026-06-13 19:54:01 [INFO] 



2026-06-13 19:54:01 [INFO] number id: 75
2026-06-13 19:54:01 [INFO] label id: NecklaceSplit:1
2026-06-13 19:54:01 [INFO] puzzle content:
2026-06-13 19:54:01 [INFO] def sat(n: int, lace="rbbrrbbrbrbbbrrrbbrbrbrrbbrbbbbbbrrrrrrrrbrrrbbrbrrbbbrbbrrrbbrbbrrbrrbrbbrbbbbbbrbbbrbrbrrbrbbrbrrbbrrbrrbrrbrrbrbrbrrrbbrbrbbrrbbbbrrrrrbbrbrbrrbr"):
    sub = lace[n: n + len(lace) // 2]
    return n >= 0 and lace.count("r") == 2 * sub.count("r") and lace.count("b") == 2 * sub.count("b")
2026-06-13 19:54:01 [INFO] Tool->0
2026-06-13 19:54:01 [INFO] Runtime error: name 'sat' is not defined
2026-06-13 19:54:01 [INFO] 



2026-06-13 19:54:01 [INFO] number id: 76
2026-06-13 19:54:01 [INFO] label id: NecklaceSplit:2
2026-06-13 19:54:01 [INFO] puzzle content:
2026-06-13 19:54:01 [INFO] def sat(n: int, lace="brrrbrrbrbbbbbrrbbrr"):
    sub = lace[n: n + len(lace) // 2]
    return n >= 0 and lace.count("r") == 2 * sub.count("r") and lace.count("b") == 2 * sub.count("b")
2026-06-13 19:54:01 [INFO] Tool->2
2026-06-13 19:54:01 [INFO] Runtime error: name 'sat' is not defined
2026-06-13 19:54:01 [INFO] 



2026-06-13 19:54:01 [INFO] number id: 77
2026-06-13 19:54:01 [INFO] label id: NecklaceSplit:3
2026-06-13 19:54:01 [INFO] puzzle content:
2026-06-13 19:54:01 [INFO] def sat(n: int, lace="bbbbrrbbbbrrbbrrrbbrrbbrrrrrrrbrbrbbbrrbrrrbbbbbbbrbrbrbbbbbbbrrbbrbbrbrrbrbrrbbbrrrrrbrrbbrrrbbrbrrrbbbbrbbbrrrrbrbrrbbrbrbrbbrrbrrrbrbrrbbbbbbrbrrrrbbrbbbrbrrbrbbrbrrbbbbrrrrrbrrrbbrrrrrrbrrrbrbbbrbbbrrrbbr"):
    sub = lace[n: n + len(lace) // 2]
    return n >= 0 and lace.count("r") == 2 * sub.count("r") and lace.count("b") == 2 * sub.count("b")
2026-06-13 19:54:01 [INFO] Tool->9
2026-06-13 19:54:01 [INFO] Runtime error: name 'sat' is not defined
2026-06-13 19:54:01 [INFO] 



2026-06-13 19:54:01 [INFO] number id: 78
2026-06-13 19:54:01 [INFO] label id: NecklaceSplit:4
2026-06-13 19:54:01 [INFO] puzzle content:
2026-06-13 19:54:01 [INFO] def sat(n: int, lace="brrbbbrbbrrbrrbbrrbrrrbbrbbrrrbrbrbrrrrbbrrrbrrbbbbrbbbrrbbrrrbbrbrbbbbbrrbrrbbr"):
    sub = lace[n: n + len(lace) // 2]
    return n >= 0 and lace.count("r") == 2 * sub.count("r") and lace.count("b") == 2 * sub.count("b")
2026-06-13 19:54:01 [INFO] Tool->29
2026-06-13 19:54:01 [INFO] Runtime error: name 'sat' is not defined
2026-06-13 19:54:01 [INFO] 



2026-06-13 19:54:01 [INFO] number id: 79
2026-06-13 19:54:01 [INFO] label id: PandigitalSquare:0
2026-06-13 19:54:01 [INFO] puzzle content:
2026-06-13 19:54:01 [INFO] def sat(n: int):
    s = str(n * n)
    for i in "0123456789":
        assert s.count(i) == 1
    return True
2026-06-13 19:54:12 [INFO] Runtime error: name 'sat' is not defined
2026-06-13 19:54:12 [INFO] 



2026-06-13 19:54:12 [INFO] number id: 80
2026-06-13 19:54:12 [INFO] label id: AllPandigitalSquares:0
2026-06-13 19:54:12 [INFO] puzzle content:
2026-06-13 19:54:12 [INFO] def sat(nums: List[int]):
    return [sorted([int(s) for s in str(n * n)]) for n in set(nums)] == [list(range(10))] * 174
2026-06-13 19:55:07 [INFO] Runtime error: name 'sat' is not defined
2026-06-13 19:55:07 [INFO] 



2026-06-13 19:55:07 [INFO] number id: 81
2026-06-13 19:55:07 [INFO] label id: CardGame24:0
2026-06-13 19:55:07 [INFO] puzzle content:
2026-06-13 19:55:07 [INFO] def sat(expr: str, nums=[3, 7, 3, 7]):
    assert len(nums) == 4 and 1 <= min(nums) and max(nums) <= 13, "hint: nums is a list of four ints in 1..13"
    expr = expr.replace(" ", "")  # ignore whitespace
    digits = ""
    for i in range(len(expr)):
        if i == 0 or expr[i - 1] in "+*-/(":
            assert expr[i] in "123456789(", "Expr cannot contain **, //, or unary -"
        assert expr[i] in "1234567890()+-*/", "Expr can only contain `0123456789()+-*/`"
        digits += expr[i] if expr[i] in "0123456789" else " "
    assert sorted(int(s) for s in digits.split()) == sorted(nums), "Each number must occur exactly once"
    return abs(eval(expr) - 24.0) < 1e-6
2026-06-13 19:55:21 [INFO] Runtime error: name 'sat' is not defined
2026-06-13 19:55:21 [INFO] 



2026-06-13 19:55:21 [INFO] number id: 82
2026-06-13 19:55:21 [INFO] label id: CardGame24:1
2026-06-13 19:55:21 [INFO] puzzle content:
2026-06-13 19:55:21 [INFO] def sat(expr: str, nums=[1, 3, 7, 13]):
    assert len(nums) == 4 and 1 <= min(nums) and max(nums) <= 13, "hint: nums is a list of four ints in 1..13"
    expr = expr.replace(" ", "")  # ignore whitespace
    digits = ""
    for i in range(len(expr)):
        if i == 0 or expr[i - 1] in "+*-/(":
            assert expr[i] in "123456789(", "Expr cannot contain **, //, or unary -"
        assert expr[i] in "1234567890()+-*/", "Expr can only contain `0123456789()+-*/`"
        digits += expr[i] if expr[i] in "0123456789" else " "
    assert sorted(int(s) for s in digits.split()) == sorted(nums), "Each number must occur exactly once"
    return abs(eval(expr) - 24.0) < 1e-6
2026-06-13 19:55:30 [INFO] Runtime error: name 'sat' is not defined
2026-06-13 19:55:30 [INFO] 



2026-06-13 19:55:30 [INFO] number id: 83
2026-06-13 19:55:30 [INFO] label id: CardGame24:2
2026-06-13 19:55:30 [INFO] puzzle content:
2026-06-13 19:55:30 [INFO] def sat(expr: str, nums=[10, 7, 3, 1]):
    assert len(nums) == 4 and 1 <= min(nums) and max(nums) <= 13, "hint: nums is a list of four ints in 1..13"
    expr = expr.replace(" ", "")  # ignore whitespace
    digits = ""
    for i in range(len(expr)):
        if i == 0 or expr[i - 1] in "+*-/(":
            assert expr[i] in "123456789(", "Expr cannot contain **, //, or unary -"
        assert expr[i] in "1234567890()+-*/", "Expr can only contain `0123456789()+-*/`"
        digits += expr[i] if expr[i] in "0123456789" else " "
    assert sorted(int(s) for s in digits.split()) == sorted(nums), "Each number must occur exactly once"
    return abs(eval(expr) - 24.0) < 1e-6
2026-06-13 19:55:51 [INFO] Runtime error: name 'sat' is not defined
2026-06-13 19:55:51 [INFO] 



2026-06-13 19:55:51 [INFO] number id: 84
2026-06-13 19:55:51 [INFO] label id: CardGame24:3
2026-06-13 19:55:51 [INFO] puzzle content:
2026-06-13 19:55:51 [INFO] def sat(expr: str, nums=[8, 3, 12, 1]):
    assert len(nums) == 4 and 1 <= min(nums) and max(nums) <= 13, "hint: nums is a list of four ints in 1..13"
    expr = expr.replace(" ", "")  # ignore whitespace
    digits = ""
    for i in range(len(expr)):
        if i == 0 or expr[i - 1] in "+*-/(":
            assert expr[i] in "123456789(", "Expr cannot contain **, //, or unary -"
        assert expr[i] in "1234567890()+-*/", "Expr can only contain `0123456789()+-*/`"
        digits += expr[i] if expr[i] in "0123456789" else " "
    assert sorted(int(s) for s in digits.split()) == sorted(nums), "Each number must occur exactly once"
    return abs(eval(expr) - 24.0) < 1e-6
2026-06-13 19:56:02 [INFO] Runtime error: name 'sat' is not defined
2026-06-13 19:56:02 [INFO] 



2026-06-13 19:56:02 [INFO] number id: 85
2026-06-13 19:56:02 [INFO] label id: CardGame24:4
2026-06-13 19:56:02 [INFO] puzzle content:
2026-06-13 19:56:02 [INFO] def sat(expr: str, nums=[10, 12, 1, 7]):
    assert len(nums) == 4 and 1 <= min(nums) and max(nums) <= 13, "hint: nums is a list of four ints in 1..13"
    expr = expr.replace(" ", "")  # ignore whitespace
    digits = ""
    for i in range(len(expr)):
        if i == 0 or expr[i - 1] in "+*-/(":
            assert expr[i] in "123456789(", "Expr cannot contain **, //, or unary -"
        assert expr[i] in "1234567890()+-*/", "Expr can only contain `0123456789()+-*/`"
        digits += expr[i] if expr[i] in "0123456789" else " "
    assert sorted(int(s) for s in digits.split()) == sorted(nums), "Each number must occur exactly once"
    return abs(eval(expr) - 24.0) < 1e-6
2026-06-13 19:56:12 [INFO] Runtime error: name 'sat' is not defined
2026-06-13 19:56:12 [INFO] 



2026-06-13 19:56:12 [INFO] number id: 86
2026-06-13 19:56:12 [INFO] label id: Easy63:0
2026-06-13 19:56:12 [INFO] puzzle content:
2026-06-13 19:56:12 [INFO] def sat(s: str):
    return set(s) <= set("18-+*/") and s.count("8") == 2 and s.count("1") == 1 and eval(s) == 63
2026-06-13 19:56:19 [INFO] Runtime error: name 'sat' is not defined
2026-06-13 19:56:19 [INFO] 



2026-06-13 19:56:19 [INFO] number id: 87
2026-06-13 19:56:19 [INFO] label id: Harder63:0
2026-06-13 19:56:19 [INFO] puzzle content:
2026-06-13 19:56:19 [INFO] def sat(s: str):
    return set(s) <= set("18-+*/") and s.count("8") == 3 and s.count("1") == 1 and eval(s) == 63
2026-06-13 19:56:29 [INFO] Runtime error: name 'sat' is not defined
2026-06-13 19:56:29 [INFO] 



2026-06-13 19:56:29 [INFO] number id: 88
2026-06-13 19:56:29 [INFO] label id: WaterPouring:0
2026-06-13 19:56:29 [INFO] puzzle content:
2026-06-13 19:56:29 [INFO] def sat(moves: List[List[int]], capacities=[8, 5, 3], init=[8, 0, 0], goal=[4, 4, 0]):
    state = init.copy()

    for [i, j] in moves:
        assert min(i, j) >= 0, "Indices must be non-negative"
        assert i != j, "Cannot pour from same state to itself"
        n = min(capacities[j], state[i] + state[j])
        state[i], state[j] = state[i] + state[j] - n, n

    return state == goal
2026-06-13 19:56:40 [INFO] Runtime error: invalid syntax (<string>, line 1)
2026-06-13 19:56:40 [INFO] 



2026-06-13 19:56:40 [INFO] number id: 89
2026-06-13 19:56:40 [INFO] label id: WaterPouring:1
2026-06-13 19:56:40 [INFO] puzzle content:
2026-06-13 19:56:40 [INFO] def sat(moves: List[List[int]], capacities=[724, 43, 611], init=[72, 2, 269], goal=[56, 0, 287]):
    state = init.copy()

    for [i, j] in moves:
        assert min(i, j) >= 0, "Indices must be non-negative"
        assert i != j, "Cannot pour from same state to itself"
        n = min(capacities[j], state[i] + state[j])
        state[i], state[j] = state[i] + state[j] - n, n

    return state == goal
2026-06-13 19:56:52 [INFO] Runtime error: name 'sat' is not defined
2026-06-13 19:56:52 [INFO] 



2026-06-13 19:56:52 [INFO] number id: 90
2026-06-13 19:56:52 [INFO] label id: WaterPouring:2
2026-06-13 19:56:52 [INFO] puzzle content:
2026-06-13 19:56:52 [INFO] def sat(moves: List[List[int]], capacities=[357, 298, 492], init=[8, 284, 72], goal=[0, 0, 364]):
    state = init.copy()

    for [i, j] in moves:
        assert min(i, j) >= 0, "Indices must be non-negative"
        assert i != j, "Cannot pour from same state to itself"
        n = min(capacities[j], state[i] + state[j])
        state[i], state[j] = state[i] + state[j] - n, n

    return state == goal
2026-06-13 19:57:05 [INFO] Runtime error: invalid syntax (<string>, line 1)
2026-06-13 19:57:05 [INFO] 



2026-06-13 19:57:05 [INFO] number id: 91
2026-06-13 19:57:05 [INFO] label id: WaterPouring:3
2026-06-13 19:57:05 [INFO] puzzle content:
2026-06-13 19:57:05 [INFO] def sat(moves: List[List[int]], capacities=[511, 625, 553], init=[472, 153, 127], goal=[97, 625, 30]):
    state = init.copy()

    for [i, j] in moves:
        assert min(i, j) >= 0, "Indices must be non-negative"
        assert i != j, "Cannot pour from same state to itself"
        n = min(capacities[j], state[i] + state[j])
        state[i], state[j] = state[i] + state[j] - n, n

    return state == goal
2026-06-13 19:57:20 [INFO] Runtime error: name 'sat' is not defined
2026-06-13 19:57:20 [INFO] 



2026-06-13 19:57:20 [INFO] number id: 92
2026-06-13 19:57:20 [INFO] label id: WaterPouring:4
2026-06-13 19:57:20 [INFO] puzzle content:
2026-06-13 19:57:20 [INFO] def sat(moves: List[List[int]], capacities=[86, 259, 281], init=[47, 18, 35], goal=[35, 0, 65]):
    state = init.copy()

    for [i, j] in moves:
        assert min(i, j) >= 0, "Indices must be non-negative"
        assert i != j, "Cannot pour from same state to itself"
        n = min(capacities[j], state[i] + state[j])
        state[i], state[j] = state[i] + state[j] - n, n

    return state == goal
2026-06-13 19:57:39 [INFO] Runtime error: name 'sat' is not defined
2026-06-13 19:57:39 [INFO] 



2026-06-13 19:57:39 [INFO] number id: 93
2026-06-13 19:57:39 [INFO] label id: VerbalArithmetic:0
2026-06-13 19:57:39 [INFO] puzzle content:
2026-06-13 19:57:39 [INFO] def sat(li: List[int], words=['SEND', 'MORE', 'MONEY']):
    assert len(li) == len(words) and all(i > 0 and len(str(i)) == len(w) for i, w in zip(li, words))
    assert len({c for w in words for c in w}) == len({(d, c) for i, w in zip(li, words) for d, c in zip(str(i), w)})
    return sum(li[:-1]) == li[-1]
2026-06-13 19:58:00 [INFO] Runtime error: name 'sat' is not defined
2026-06-13 19:58:00 [INFO] 



2026-06-13 19:58:00 [INFO] number id: 94
2026-06-13 19:58:00 [INFO] label id: VerbalArithmetic:1
2026-06-13 19:58:00 [INFO] puzzle content:
2026-06-13 19:58:00 [INFO] def sat(li: List[int], words=['FORTY', 'TEN', 'TEN', 'SIXTY']):
    assert len(li) == len(words) and all(i > 0 and len(str(i)) == len(w) for i, w in zip(li, words))
    assert len({c for w in words for c in w}) == len({(d, c) for i, w in zip(li, words) for d, c in zip(str(i), w)})
    return sum(li[:-1]) == li[-1]
2026-06-13 19:58:27 [INFO] Runtime error: invalid syntax (<string>, line 1)
2026-06-13 19:58:27 [INFO] 



2026-06-13 19:58:27 [INFO] number id: 95
2026-06-13 19:58:27 [INFO] label id: VerbalArithmetic:2
2026-06-13 19:58:27 [INFO] puzzle content:
2026-06-13 19:58:27 [INFO] def sat(li: List[int], words=['GREEN', 'ORANGE', 'COLORS']):
    assert len(li) == len(words) and all(i > 0 and len(str(i)) == len(w) for i, w in zip(li, words))
    assert len({c for w in words for c in w}) == len({(d, c) for i, w in zip(li, words) for d, c in zip(str(i), w)})
    return sum(li[:-1]) == li[-1]
2026-06-13 20:00:47 [INFO] Runtime error: invalid character '’' (U+2019) (<string>, line 1)
2026-06-13 20:00:47 [INFO] 



2026-06-13 20:00:47 [INFO] number id: 96
2026-06-13 20:00:47 [INFO] label id: VerbalArithmetic:3
2026-06-13 20:00:47 [INFO] puzzle content:
2026-06-13 20:00:47 [INFO] def sat(li: List[int], words=['fqjb', 'awqw', 'lfll', 'fvvvb']):
    assert len(li) == len(words) and all(i > 0 and len(str(i)) == len(w) for i, w in zip(li, words))
    assert len({c for w in words for c in w}) == len({(d, c) for i, w in zip(li, words) for d, c in zip(str(i), w)})
    return sum(li[:-1]) == li[-1]
2026-06-13 20:00:55 [INFO] Runtime error: name 'sat' is not defined
2026-06-13 20:00:55 [INFO] 



2026-06-13 20:00:55 [INFO] number id: 97
2026-06-13 20:00:55 [INFO] label id: VerbalArithmetic:4
2026-06-13 20:00:55 [INFO] puzzle content:
2026-06-13 20:00:55 [INFO] def sat(li: List[int], words=['tnnq', 'sna', 'ajjc', 'isun', 'usub', 'caiun']):
    assert len(li) == len(words) and all(i > 0 and len(str(i)) == len(w) for i, w in zip(li, words))
    assert len({c for w in words for c in w}) == len({(d, c) for i, w in zip(li, words) for d, c in zip(str(i), w)})
    return sum(li[:-1]) == li[-1]
2026-06-13 20:01:05 [INFO] Runtime error: invalid syntax (<string>, line 1)
2026-06-13 20:01:05 [INFO] 



2026-06-13 20:01:05 [INFO] number id: 98
2026-06-13 20:01:05 [INFO] label id: SlidingPuzzle:0
2026-06-13 20:01:05 [INFO] puzzle content:
2026-06-13 20:01:05 [INFO] def sat(moves: List[int], start=[[5, 0, 2, 3], [1, 9, 6, 7], [4, 14, 8, 11], [12, 13, 10, 15]]):

    locs = {i: [x, y] for y, row in enumerate(start) for x, i in enumerate(row)}  # locations, 0 stands for blank
    for i in moves:
        assert abs(locs[0][0] - locs[i][0]) + abs(locs[0][1] - locs[i][1]) == 1
        locs[0], locs[i] = locs[i], locs[0]
    return all(locs[i] == [i % len(start[0]), i // len(start)] for i in locs)
2026-06-13 20:01:15 [INFO] Runtime error: name 'sat' is not defined
2026-06-13 20:01:15 [INFO] 



2026-06-13 20:01:15 [INFO] number id: 99
2026-06-13 20:01:15 [INFO] label id: SlidingPuzzle:1
2026-06-13 20:01:15 [INFO] puzzle content:
2026-06-13 20:01:15 [INFO] def sat(moves: List[int], start=[[1, 5, 0], [3, 2, 8], [6, 4, 7]]):

    locs = {i: [x, y] for y, row in enumerate(start) for x, i in enumerate(row)}  # locations, 0 stands for blank
    for i in moves:
        assert abs(locs[0][0] - locs[i][0]) + abs(locs[0][1] - locs[i][1]) == 1
        locs[0], locs[i] = locs[i], locs[0]
    return all(locs[i] == [i % len(start[0]), i // len(start)] for i in locs)
2026-06-13 20:01:27 [INFO] Runtime error: name 'sat' is not defined
2026-06-13 20:01:27 [INFO] 



2026-06-13 20:01:27 [INFO] number id: 100
2026-06-13 20:01:27 [INFO] label id: SlidingPuzzle:2
2026-06-13 20:01:27 [INFO] puzzle content:
2026-06-13 20:01:27 [INFO] def sat(moves: List[int], start=[[6, 0, 3], [7, 1, 4], [8, 2, 5]]):

    locs = {i: [x, y] for y, row in enumerate(start) for x, i in enumerate(row)}  # locations, 0 stands for blank
    for i in moves:
        assert abs(locs[0][0] - locs[i][0]) + abs(locs[0][1] - locs[i][1]) == 1
        locs[0], locs[i] = locs[i], locs[0]
    return all(locs[i] == [i % len(start[0]), i // len(start)] for i in locs)
2026-06-13 20:01:37 [INFO] Runtime error: name 'sat' is not defined
2026-06-13 20:01:37 [INFO] 



2026-06-13 20:01:37 [INFO] number id: 101
2026-06-13 20:01:37 [INFO] label id: SlidingPuzzle:3
2026-06-13 20:01:37 [INFO] puzzle content:
2026-06-13 20:01:37 [INFO] def sat(moves: List[int], start=[[0, 1], [2, 3]]):

    locs = {i: [x, y] for y, row in enumerate(start) for x, i in enumerate(row)}  # locations, 0 stands for blank
    for i in moves:
        assert abs(locs[0][0] - locs[i][0]) + abs(locs[0][1] - locs[i][1]) == 1
        locs[0], locs[i] = locs[i], locs[0]
    return all(locs[i] == [i % len(start[0]), i // len(start)] for i in locs)
2026-06-13 20:01:50 [INFO] Runtime error: name 'sat' is not defined
2026-06-13 20:01:50 [INFO] 



2026-06-13 20:01:50 [INFO] number id: 102
2026-06-13 20:01:50 [INFO] label id: SlidingPuzzle:4
2026-06-13 20:01:50 [INFO] puzzle content:
2026-06-13 20:01:50 [INFO] def sat(moves: List[int], start=[[2, 1], [0, 3]]):

    locs = {i: [x, y] for y, row in enumerate(start) for x, i in enumerate(row)}  # locations, 0 stands for blank
    for i in moves:
        assert abs(locs[0][0] - locs[i][0]) + abs(locs[0][1] - locs[i][1]) == 1
        locs[0], locs[i] = locs[i], locs[0]
    return all(locs[i] == [i % len(start[0]), i // len(start)] for i in locs)
2026-06-13 20:02:08 [INFO] Runtime error: name 'sat' is not defined
2026-06-13 20:02:08 [INFO] 



2026-06-13 20:02:08 [INFO] number id: 103
2026-06-13 20:02:08 [INFO] label id: FindCloseElements:0
2026-06-13 20:02:08 [INFO] puzzle content:
2026-06-13 20:02:08 [INFO] def sat(pair: List[float], nums=[0.17, 21.3, 5.0, 9.0, 11.0, 4.99, 17.0, 17.0, 12.4, 6.8]):
    a, b = pair
    assert a in nums and b in nums and a != b
    return abs(a - b) == min(x - y for x in nums for y in nums if x > y)
2026-06-13 20:02:26 [INFO] Runtime error: name 'sat' is not defined
2026-06-13 20:02:26 [INFO] 



2026-06-13 20:02:26 [INFO] number id: 104
2026-06-13 20:02:26 [INFO] label id: FindCloseElements:1
2026-06-13 20:02:26 [INFO] puzzle content:
2026-06-13 20:02:26 [INFO] def sat(pair: List[float], nums=[-3.027185809375565, -6.642297851887924, -6.773598672960938, 8.692593210252113, 4.9144452253248225, -6.773598672960938, -9.228605102488878]):
    a, b = pair
    assert a in nums and b in nums and a != b
    return abs(a - b) == min(x - y for x in nums for y in nums if x > y)
2026-06-13 20:02:42 [INFO] Runtime error: name 'sat' is not defined
2026-06-13 20:02:42 [INFO] 



2026-06-13 20:02:42 [INFO] number id: 105
2026-06-13 20:02:42 [INFO] label id: FindCloseElements:2
2026-06-13 20:02:42 [INFO] puzzle content:
2026-06-13 20:02:42 [INFO] def sat(pair: List[float], nums=[-1.5625078353699955, 3.6482553468598375, -2.6412688082759868, -0.511423740751141, -2.6412688082759868, 5.648091691238367]):
    a, b = pair
    assert a in nums and b in nums and a != b
    return abs(a - b) == min(x - y for x in nums for y in nums if x > y)
2026-06-13 20:02:59 [INFO] Runtime error: name 'sat' is not defined
2026-06-13 20:02:59 [INFO] 



2026-06-13 20:02:59 [INFO] number id: 106
2026-06-13 20:02:59 [INFO] label id: FindCloseElements:3
2026-06-13 20:02:59 [INFO] puzzle content:
2026-06-13 20:02:59 [INFO] def sat(pair: List[float], nums=[4.183381104176473, 1.6210985169040963, 1.6210985169040963]):
    a, b = pair
    assert a in nums and b in nums and a != b
    return abs(a - b) == min(x - y for x in nums for y in nums if x > y)
2026-06-13 20:03:24 [INFO] Runtime error: name 'sat' is not defined
2026-06-13 20:03:24 [INFO] 



2026-06-13 20:03:24 [INFO] number id: 107
2026-06-13 20:03:24 [INFO] label id: FindCloseElements:4
2026-06-13 20:03:24 [INFO] puzzle content:
2026-06-13 20:03:24 [INFO] def sat(pair: List[float], nums=[2.3934380222903258, -7.674333581672553, 2.3934380222903258]):
    a, b = pair
    assert a in nums and b in nums and a != b
    return abs(a - b) == min(x - y for x in nums for y in nums if x > y)
2026-06-13 20:03:47 [INFO] Runtime error: name 'sat' is not defined
2026-06-13 20:03:47 [INFO] 



2026-06-13 20:03:47 [INFO] number id: 108
2026-06-13 20:03:47 [INFO] label id: SeparateParenGroups:0
2026-06-13 20:03:47 [INFO] puzzle content:
2026-06-13 20:03:47 [INFO] def sat(ls: List[str], combined="() (()) ((() () ())) (() )"):
    for s in ls:
        assert s.count("(") == s.count(")")
        assert all(s[:i].count("(") > s[:i].count(")") for i in range(1, len(s)))  # s is not further divisible
    return ''.join(ls) == combined.replace(' ', '')
2026-06-13 20:04:09 [INFO] Runtime error: name 'sat' is not defined
2026-06-13 20:04:09 [INFO] 



2026-06-13 20:04:09 [INFO] number id: 109
2026-06-13 20:04:09 [INFO] label id: SeparateParenGroups:1
2026-06-13 20:04:09 [INFO] puzzle content:
2026-06-13 20:04:09 [INFO] def sat(ls: List[str], combined="()  () "):
    for s in ls:
        assert s.count("(") == s.count(")")
        assert all(s[:i].count("(") > s[:i].count(")") for i in range(1, len(s)))  # s is not further divisible
    return ''.join(ls) == combined.replace(' ', '')
2026-06-13 20:04:34 [INFO] Runtime error: name 'sat' is not defined
2026-06-13 20:04:34 [INFO] 



2026-06-13 20:04:34 [INFO] number id: 110
2026-06-13 20:04:34 [INFO] label id: SeparateParenGroups:2
2026-06-13 20:04:34 [INFO] puzzle content:
2026-06-13 20:04:34 [INFO] def sat(ls: List[str], combined=" ((((() ())( ( ))())))   "):
    for s in ls:
        assert s.count("(") == s.count(")")
        assert all(s[:i].count("(") > s[:i].count(")") for i in range(1, len(s)))  # s is not further divisible
    return ''.join(ls) == combined.replace(' ', '')
2026-06-13 20:04:53 [INFO] Runtime error: name 'sat' is not defined
2026-06-13 20:04:53 [INFO] 



2026-06-13 20:04:53 [INFO] number id: 111
2026-06-13 20:04:53 [INFO] label id: SeparateParenGroups:3
2026-06-13 20:04:53 [INFO] puzzle content:
2026-06-13 20:04:53 [INFO] def sat(ls: List[str], combined="()   "):
    for s in ls:
        assert s.count("(") == s.count(")")
        assert all(s[:i].count("(") > s[:i].count(")") for i in range(1, len(s)))  # s is not further divisible
    return ''.join(ls) == combined.replace(' ', '')
2026-06-13 20:05:15 [INFO] Runtime error: name 'sat' is not defined
2026-06-13 20:05:15 [INFO] 



2026-06-13 20:05:15 [INFO] number id: 112
2026-06-13 20:05:15 [INFO] label id: SeparateParenGroups:4
2026-06-13 20:05:15 [INFO] puzzle content:
2026-06-13 20:05:15 [INFO] def sat(ls: List[str], combined="(() )(( )()  ) ((( (()))(()(()() ( )( ()) )( ( )( )) (() )) )()) (( ))    "):
    for s in ls:
        assert s.count("(") == s.count(")")
        assert all(s[:i].count("(") > s[:i].count(")") for i in range(1, len(s)))  # s is not further divisible
    return ''.join(ls) == combined.replace(' ', '')
2026-06-13 20:05:29 [INFO] Runtime error: name 'sat' is not defined
2026-06-13 20:05:29 [INFO] 



2026-06-13 20:05:29 [INFO] number id: 113
2026-06-13 20:05:29 [INFO] label id: Frac:0
2026-06-13 20:05:29 [INFO] puzzle content:
2026-06-13 20:05:29 [INFO] def sat(x: float, v=523.12892):
    return 0 <= x < 1 and (v - x).is_integer()
2026-06-13 20:05:42 [INFO] Runtime error: name 'sat' is not defined
2026-06-13 20:05:42 [INFO] 



2026-06-13 20:05:42 [INFO] number id: 114
2026-06-13 20:05:42 [INFO] label id: Frac:1
2026-06-13 20:05:42 [INFO] puzzle content:
2026-06-13 20:05:42 [INFO] def sat(x: float, v=93.86070917102649):
    return 0 <= x < 1 and (v - x).is_integer()
2026-06-13 20:06:07 [INFO] Runtime error: name 'sat' is not defined
2026-06-13 20:06:07 [INFO] 



2026-06-13 20:06:07 [INFO] number id: 115
2026-06-13 20:06:07 [INFO] label id: Frac:2
2026-06-13 20:06:07 [INFO] puzzle content:
2026-06-13 20:06:07 [INFO] def sat(x: float, v=-6.770237138115334):
    return 0 <= x < 1 and (v - x).is_integer()
2026-06-13 20:06:28 [INFO] Runtime error: name 'sat' is not defined
2026-06-13 20:06:28 [INFO] 



2026-06-13 20:06:28 [INFO] number id: 116
2026-06-13 20:06:28 [INFO] label id: Frac:3
2026-06-13 20:06:28 [INFO] puzzle content:
2026-06-13 20:06:28 [INFO] def sat(x: float, v=61.58244309946389):
    return 0 <= x < 1 and (v - x).is_integer()
2026-06-13 20:06:41 [INFO] Runtime error: name 'sat' is not defined
2026-06-13 20:06:41 [INFO] 



2026-06-13 20:06:41 [INFO] number id: 117
2026-06-13 20:06:41 [INFO] label id: Frac:4
2026-06-13 20:06:41 [INFO] puzzle content:
2026-06-13 20:06:41 [INFO] def sat(x: float, v=-80.9341003381162):
    return 0 <= x < 1 and (v - x).is_integer()
2026-06-13 20:06:55 [INFO] Runtime error: name 'sat' is not defined
2026-06-13 20:06:55 [INFO] 



2026-06-13 20:06:55 [INFO] number id: 118
2026-06-13 20:06:55 [INFO] label id: FirstNegCumulative:0
2026-06-13 20:06:55 [INFO] puzzle content:
2026-06-13 20:06:55 [INFO] def sat(firsts: List[int], balances=[[2, 7, -2, 4, 3, -15, 10, -45, 3], [3, 4, -17, -1], [100, -100, -101], [-1]]):
    for i, bals in enumerate(balances):
        total = 0
        for b in bals:
            total += b
            if total < 0:
                assert total == firsts[i]
                break
    return True
2026-06-13 20:07:22 [INFO] Runtime error: name 'sat' is not defined
2026-06-13 20:07:22 [INFO] 



2026-06-13 20:07:22 [INFO] number id: 119
2026-06-13 20:07:22 [INFO] label id: FirstNegCumulative:1
2026-06-13 20:07:22 [INFO] puzzle content:
2026-06-13 20:07:22 [INFO] def sat(firsts: List[int], balances=[[-1500518832, 928669978, -8834236111, 5315367227, 9459906565], [-922459571, 980368404, 2797206106, -8743339029, 1937237746], [-5581999780, -8355044389, 7691080588, 8819548586, -8678046394, 81698589, -1909402868], [-1496460602, -254633700, 1563740297, 2090111052, -2538220111, 2872427340, 3374773774], [8943500651, -9334877156, -8549860005, 7833776489, 6973829595, 7722681537, 535145192, -1822889532, 1811860043, -7700960933], [-1026876, -8774841983, 8413152214, 6772330745, 5578115818, -3502599311, 3134009997, 463541762, 3083435301], [-4305579008, 5200456205, -7357895007]]):
    for i, bals in enumerate(balances):
        total = 0
        for b in bals:
            total += b
            if total < 0:
                assert total == firsts[i]
                break
    return True
2026-06-13 20:07:44 [INFO] Runtime error: name 'sat' is not defined
2026-06-13 20:07:44 [INFO] 



2026-06-13 20:07:44 [INFO] number id: 120
2026-06-13 20:07:44 [INFO] label id: FirstNegCumulative:2
2026-06-13 20:07:44 [INFO] puzzle content:
2026-06-13 20:07:44 [INFO] def sat(firsts: List[int], balances=[[914333345, -1563107339, 668467168, 9415600365, -8131416309, 8389610356, 7604207836, -4164203506, -2291145775], [4697936594, -7745934015], [-4651520348, -3085645067, -4519068178, -7950040818, -9543066562, 5606895475, -1534568525, -8229155741], [-2634952680, 3565837670], [-3239154229, -3459559891, -9783565309, 2874293724], [-3904981094, -7396874754], [-9841547454, -7990665221, 5130235947, -5311423002], [-4206303129, 4047239354, 5652054537, 7165867290]]):
    for i, bals in enumerate(balances):
        total = 0
        for b in bals:
            total += b
            if total < 0:
                assert total == firsts[i]
                break
    return True
2026-06-13 20:08:05 [INFO] Runtime error: name 'sat' is not defined
2026-06-13 20:08:05 [INFO] 



2026-06-13 20:08:05 [INFO] number id: 121
2026-06-13 20:08:05 [INFO] label id: FirstNegCumulative:3
2026-06-13 20:08:05 [INFO] puzzle content:
2026-06-13 20:08:05 [INFO] def sat(firsts: List[int], balances=[[-3159744279, -5564462797, 9181877256, -581801013, -2730806212, -8069766232], [-2778889563, 6023011147, 6046948312, -1208971488, 2110520757, 7936971409, -4498797430, -7122967646], [-4649451153, -7199067130, 6484358738, -1015824976, 1504326141, 7704654617, 1083805811, -561837290, -9713157689], [-6286190794, 9847932237, -9818551636, -475170800], [-3927971639, 8808808262, 5363473771, 6453926109, -7932299279, 3515829826, -5092391511, 1619970550], [922221935, -3257271738, -4032399516, 5900007512, -2582293019, -1474957782, 2672311585, 5186169557, -4404554166], [3505067196, -649622176, -9390601127, 4030860857], [-8952966741], [2421457437, 531860397, -5157882824, 1563799160, -2925234193, 339874024, -7985065932, 1541877668, 7043758413]]):
    for i, bals in enumerate(balances):
        total = 0
        for b in bals:
            total += b
            if total < 0:
                assert total == firsts[i]
                break
    return True
2026-06-13 20:08:32 [INFO] Runtime error: invalid syntax (<string>, line 1)
2026-06-13 20:08:32 [INFO] 



2026-06-13 20:08:32 [INFO] number id: 122
2026-06-13 20:08:32 [INFO] label id: FirstNegCumulative:4
2026-06-13 20:08:32 [INFO] puzzle content:
2026-06-13 20:08:32 [INFO] def sat(firsts: List[int], balances=[[-2041524901, -9443452974, 6724922319], [9512986005, -7256441789, -8146859479, -648834428, 9137465613, 6849232316, -3669774686, -2798878807], [-700370861, -7254999326, 1316572844, -6690887070, 1763578306], [-71670187, 5659836631, 4279460608, 3047233262, -3918077853, 465790429, -1844240292], [-4058863322, 9667272009, 46010424, -5378831171, 6550560002, -1392053235, -2356282119], [-6617394020, -122757412, 5783268011, -7742860607, 3581304886, 5357960664, 6017029257, -1679200889], [-3456426106, -3386028090, -6864999581, -4690984097, -2321291466, -5583489756]]):
    for i, bals in enumerate(balances):
        total = 0
        for b in bals:
            total += b
            if total < 0:
                assert total == firsts[i]
                break
    return True
2026-06-13 20:08:59 [INFO] Runtime error: invalid syntax (<string>, line 1)
2026-06-13 20:08:59 [INFO] 



2026-06-13 20:08:59 [INFO] number id: 123
2026-06-13 20:08:59 [INFO] label id: MinSquaredDeviation:0
2026-06-13 20:08:59 [INFO] puzzle content:
2026-06-13 20:08:59 [INFO] def sat(x: float, nums=[12, -2, 14, 3, -15, 10, -45, 3, 30]):
    return sum((n - x) ** 2 for n in nums) * len(nums) <= sum((m - n) ** 2 for m in nums for n in nums) * .5 + 1e-4
2026-06-13 20:09:15 [INFO] Runtime error: name 'sat' is not defined
2026-06-13 20:09:15 [INFO] 



2026-06-13 20:09:15 [INFO] number id: 124
2026-06-13 20:09:15 [INFO] label id: MinSquaredDeviation:1
2026-06-13 20:09:15 [INFO] puzzle content:
2026-06-13 20:09:15 [INFO] def sat(x: float, nums=[-47, -58, -46, -29, 48, -7, 85, -48]):
    return sum((n - x) ** 2 for n in nums) * len(nums) <= sum((m - n) ** 2 for m in nums for n in nums) * .5 + 1e-4
2026-06-13 20:09:42 [INFO] Runtime error: name 'sat' is not defined
2026-06-13 20:09:42 [INFO] 



2026-06-13 20:09:42 [INFO] number id: 125
2026-06-13 20:09:42 [INFO] label id: MinSquaredDeviation:2
2026-06-13 20:09:42 [INFO] puzzle content:
2026-06-13 20:09:42 [INFO] def sat(x: float, nums=[-76, -99, 72, 33, 21, -54, -21, 24, 97, 89]):
    return sum((n - x) ** 2 for n in nums) * len(nums) <= sum((m - n) ** 2 for m in nums for n in nums) * .5 + 1e-4
2026-06-13 20:10:00 [INFO] Runtime error: name 'sat' is not defined
2026-06-13 20:10:00 [INFO] 



2026-06-13 20:10:00 [INFO] number id: 126
2026-06-13 20:10:00 [INFO] label id: MinSquaredDeviation:3
2026-06-13 20:10:00 [INFO] puzzle content:
2026-06-13 20:10:00 [INFO] def sat(x: float, nums=[-62, -53, -80]):
    return sum((n - x) ** 2 for n in nums) * len(nums) <= sum((m - n) ** 2 for m in nums for n in nums) * .5 + 1e-4
2026-06-13 20:10:19 [INFO] Runtime error: name 'sat' is not defined
2026-06-13 20:10:19 [INFO] 



2026-06-13 20:10:19 [INFO] number id: 127
2026-06-13 20:10:19 [INFO] label id: MinSquaredDeviation:4
2026-06-13 20:10:19 [INFO] puzzle content:
2026-06-13 20:10:19 [INFO] def sat(x: float, nums=[-76, 76, -88, 37, 7]):
    return sum((n - x) ** 2 for n in nums) * len(nums) <= sum((m - n) ** 2 for m in nums for n in nums) * .5 + 1e-4
2026-06-13 20:10:40 [INFO] Runtime error: name 'sat' is not defined
2026-06-13 20:10:40 [INFO] 



2026-06-13 20:10:40 [INFO] number id: 128
2026-06-13 20:10:40 [INFO] label id: Intersperse:0
2026-06-13 20:10:40 [INFO] puzzle content:
2026-06-13 20:10:40 [INFO] def sat(li: List[int], nums=[12, 23, -2, 5, 0], sep=4):
    return li[::2] == nums and li[1::2] == [sep] * (len(nums) - 1)
2026-06-13 20:10:58 [INFO] Runtime error: name 'sat' is not defined
2026-06-13 20:10:58 [INFO] 



2026-06-13 20:10:58 [INFO] number id: 129
2026-06-13 20:10:58 [INFO] label id: Intersperse:1
2026-06-13 20:10:58 [INFO] puzzle content:
2026-06-13 20:10:58 [INFO] def sat(li: List[int], nums=[], sep=23):
    return li[::2] == nums and li[1::2] == [sep] * (len(nums) - 1)
2026-06-13 20:11:17 [INFO] Runtime error: name 'nums' is not defined
2026-06-13 20:11:17 [INFO] 



2026-06-13 20:11:17 [INFO] number id: 130
2026-06-13 20:11:17 [INFO] label id: Intersperse:2
2026-06-13 20:11:17 [INFO] puzzle content:
2026-06-13 20:11:17 [INFO] def sat(li: List[int], nums=[90, 23, 0, 0, 36, 61, 73], sep=14):
    return li[::2] == nums and li[1::2] == [sep] * (len(nums) - 1)
2026-06-13 20:11:37 [INFO] Runtime error: name 'sat' is not defined
2026-06-13 20:11:37 [INFO] 



2026-06-13 20:11:37 [INFO] number id: 131
2026-06-13 20:11:37 [INFO] label id: Intersperse:3
2026-06-13 20:11:37 [INFO] puzzle content:
2026-06-13 20:11:37 [INFO] def sat(li: List[int], nums=[41, 60, 18, 34, 31], sep=2):
    return li[::2] == nums and li[1::2] == [sep] * (len(nums) - 1)
2026-06-13 20:12:01 [INFO] Runtime error: name 'sat' is not defined
2026-06-13 20:12:01 [INFO] 



2026-06-13 20:12:01 [INFO] number id: 132
2026-06-13 20:12:01 [INFO] label id: Intersperse:4
2026-06-13 20:12:01 [INFO] puzzle content:
2026-06-13 20:12:01 [INFO] def sat(li: List[int], nums=[39, 94, 99, 46, 93], sep=25):
    return li[::2] == nums and li[1::2] == [sep] * (len(nums) - 1)
2026-06-13 20:12:13 [INFO] Runtime error: name 'sat' is not defined
2026-06-13 20:12:13 [INFO] 



2026-06-13 20:12:13 [INFO] number id: 133
2026-06-13 20:12:13 [INFO] label id: DeepestParens:0
2026-06-13 20:12:13 [INFO] puzzle content:
2026-06-13 20:12:13 [INFO] def sat(depths: List[int], parens="() (()) ((()()())) (((((((())))))))"):
    groups = parens.split()
    for depth, group in zip(depths, groups):
        budget = depth
        success = False
        for c in group:
            if c == '(':
                budget -= 1
                if budget == 0:
                    success = True
                assert budget >= 0
            else:
                assert c == ')'
                budget += 1
        assert success

    return len(groups) == len(depths)
2026-06-13 20:12:40 [INFO] Runtime error: name 'sat' is not defined
2026-06-13 20:12:40 [INFO] 



2026-06-13 20:12:40 [INFO] number id: 134
2026-06-13 20:12:40 [INFO] label id: DeepestParens:1
2026-06-13 20:12:40 [INFO] puzzle content:
2026-06-13 20:12:40 [INFO] def sat(depths: List[int], parens=""):
    groups = parens.split()
    for depth, group in zip(depths, groups):
        budget = depth
        success = False
        for c in group:
            if c == '(':
                budget -= 1
                if budget == 0:
                    success = True
                assert budget >= 0
            else:
                assert c == ')'
                budget += 1
        assert success

    return len(groups) == len(depths)
2026-06-13 20:12:58 [INFO] Runtime error: invalid syntax (<string>, line 1)
2026-06-13 20:12:58 [INFO] 



2026-06-13 20:12:58 [INFO] number id: 135
2026-06-13 20:12:58 [INFO] label id: DeepestParens:2
2026-06-13 20:12:58 [INFO] puzzle content:
2026-06-13 20:12:58 [INFO] def sat(depths: List[int], parens="(()) (((()(((()())()())))))(())()"):
    groups = parens.split()
    for depth, group in zip(depths, groups):
        budget = depth
        success = False
        for c in group:
            if c == '(':
                budget -= 1
                if budget == 0:
                    success = True
                assert budget >= 0
            else:
                assert c == ')'
                budget += 1
        assert success

    return len(groups) == len(depths)
2026-06-13 20:13:15 [INFO] Runtime error: name 'sat' is not defined
2026-06-13 20:13:15 [INFO] 



2026-06-13 20:13:15 [INFO] number id: 136
2026-06-13 20:13:15 [INFO] label id: DeepestParens:3
2026-06-13 20:13:15 [INFO] puzzle content:
2026-06-13 20:13:15 [INFO] def sat(depths: List[int], parens="(()) ()()(()())() () ()(())() ()((()))"):
    groups = parens.split()
    for depth, group in zip(depths, groups):
        budget = depth
        success = False
        for c in group:
            if c == '(':
                budget -= 1
                if budget == 0:
                    success = True
                assert budget >= 0
            else:
                assert c == ')'
                budget += 1
        assert success

    return len(groups) == len(depths)
2026-06-13 20:13:38 [INFO] Runtime error: name 'sat' is not defined
2026-06-13 20:13:38 [INFO] 



2026-06-13 20:13:38 [INFO] number id: 137
2026-06-13 20:13:38 [INFO] label id: DeepestParens:4
2026-06-13 20:13:38 [INFO] puzzle content:
2026-06-13 20:13:38 [INFO] def sat(depths: List[int], parens="()()(())()(())"):
    groups = parens.split()
    for depth, group in zip(depths, groups):
        budget = depth
        success = False
        for c in group:
            if c == '(':
                budget -= 1
                if budget == 0:
                    success = True
                assert budget >= 0
            else:
                assert c == ')'
                budget += 1
        assert success

    return len(groups) == len(depths)
2026-06-13 20:13:52 [INFO] Runtime error: name 'sat' is not defined
2026-06-13 20:13:52 [INFO] 



2026-06-13 20:13:52 [INFO] number id: 138
2026-06-13 20:13:52 [INFO] label id: FindContainers:0
2026-06-13 20:13:52 [INFO] puzzle content:
2026-06-13 20:13:52 [INFO] def sat(containers: List[str], strings=['cat', 'dog', 'shatter', 'bear', 'at', 'ta'], substring="at"):
    i = 0
    for s in strings:
        if substring in s:
            assert containers[i] == s
            i += 1
    return i == len(containers)
2026-06-13 20:14:09 [INFO] Runtime error: name 'sat' is not defined
2026-06-13 20:14:09 [INFO] 



2026-06-13 20:14:09 [INFO] number id: 139
2026-06-13 20:14:09 [INFO] label id: FindContainers:1
2026-06-13 20:14:09 [INFO] puzzle content:
2026-06-13 20:14:09 [INFO] def sat(containers: List[str], strings=['ty', 'jy', 'jsesnicy'], substring="ses"):
    i = 0
    for s in strings:
        if substring in s:
            assert containers[i] == s
            i += 1
    return i == len(containers)
2026-06-13 20:14:09 [INFO] Tool->['jsesnicy']
2026-06-13 20:14:09 [INFO] Runtime error: name 'sat' is not defined
2026-06-13 20:14:09 [INFO] 



2026-06-13 20:14:09 [INFO] number id: 140
2026-06-13 20:14:09 [INFO] label id: FindContainers:2
2026-06-13 20:14:09 [INFO] puzzle content:
2026-06-13 20:14:09 [INFO] def sat(containers: List[str], strings=['rgyjo', 'tipu', 'mulut', 'wutgypepu'], substring="gy"):
    i = 0
    for s in strings:
        if substring in s:
            assert containers[i] == s
            i += 1
    return i == len(containers)
2026-06-13 20:14:39 [INFO] Runtime error: name 'sat' is not defined
2026-06-13 20:14:39 [INFO] 



2026-06-13 20:14:39 [INFO] number id: 141
2026-06-13 20:14:39 [INFO] label id: FindContainers:3
2026-06-13 20:14:39 [INFO] puzzle content:
2026-06-13 20:14:39 [INFO] def sat(containers: List[str], strings=[], substring="ve"):
    i = 0
    for s in strings:
        if substring in s:
            assert containers[i] == s
            i += 1
    return i == len(containers)
2026-06-13 20:14:57 [INFO] Runtime error: name 'sat' is not defined
2026-06-13 20:14:57 [INFO] 



2026-06-13 20:14:57 [INFO] number id: 142
2026-06-13 20:14:57 [INFO] label id: FindContainers:4
2026-06-13 20:14:57 [INFO] puzzle content:
2026-06-13 20:14:57 [INFO] def sat(containers: List[str], strings=['te', 'dmmo', ''], substring="m"):
    i = 0
    for s in strings:
        if substring in s:
            assert containers[i] == s
            i += 1
    return i == len(containers)
2026-06-13 20:14:57 [INFO] Tool->['dmmo']
2026-06-13 20:14:57 [INFO] Runtime error: name 'sat' is not defined
2026-06-13 20:14:57 [INFO] 



2026-06-13 20:14:57 [INFO] number id: 143
2026-06-13 20:14:57 [INFO] label id: SumProduct:0
2026-06-13 20:14:57 [INFO] puzzle content:
2026-06-13 20:14:57 [INFO] def sat(nums: List[int], tot=14, prod=99):
    assert sum(nums) == tot
    p = 1
    for n in nums:
        p *= n
    return p == prod
2026-06-13 20:15:12 [INFO] Runtime error: name 'sat' is not defined
2026-06-13 20:15:12 [INFO] 



2026-06-13 20:15:12 [INFO] number id: 144
2026-06-13 20:15:12 [INFO] label id: SumProduct:1
2026-06-13 20:15:12 [INFO] puzzle content:
2026-06-13 20:15:12 [INFO] def sat(nums: List[int], tot=-81, prod=13):
    assert sum(nums) == tot
    p = 1
    for n in nums:
        p *= n
    return p == prod
2026-06-13 20:15:30 [INFO] Runtime error: name 'sat' is not defined
2026-06-13 20:15:30 [INFO] 



2026-06-13 20:15:30 [INFO] number id: 145
2026-06-13 20:15:30 [INFO] label id: SumProduct:2
2026-06-13 20:15:30 [INFO] puzzle content:
2026-06-13 20:15:30 [INFO] def sat(nums: List[int], tot=96, prod=-44):
    assert sum(nums) == tot
    p = 1
    for n in nums:
        p *= n
    return p == prod
2026-06-13 20:15:54 [INFO] Runtime error: name 'sat' is not defined
2026-06-13 20:15:54 [INFO] 



2026-06-13 20:15:54 [INFO] number id: 146
2026-06-13 20:15:54 [INFO] label id: SumProduct:3
2026-06-13 20:15:54 [INFO] puzzle content:
2026-06-13 20:15:54 [INFO] def sat(nums: List[int], tot=86, prod=24):
    assert sum(nums) == tot
    p = 1
    for n in nums:
        p *= n
    return p == prod
2026-06-13 20:16:13 [INFO] Runtime error: name 'sat' is not defined
2026-06-13 20:16:13 [INFO] 



2026-06-13 20:16:13 [INFO] number id: 147
2026-06-13 20:16:13 [INFO] label id: SumProduct:4
2026-06-13 20:16:13 [INFO] puzzle content:
2026-06-13 20:16:13 [INFO] def sat(nums: List[int], tot=-16, prod=3):
    assert sum(nums) == tot
    p = 1
    for n in nums:
        p *= n
    return p == prod
2026-06-13 20:16:36 [INFO] Runtime error: name 'sat' is not defined
2026-06-13 20:16:36 [INFO] 



2026-06-13 20:16:36 [INFO] number id: 148
2026-06-13 20:16:36 [INFO] label id: RollingMax:0
2026-06-13 20:16:36 [INFO] puzzle content:
2026-06-13 20:16:36 [INFO] def sat(maxes: List[int], nums=[1, 4, 3, -6, 19]):
    assert len(maxes) == len(nums)
    for i in range(len(nums)):
        if i > 0:
            assert maxes[i] == max(maxes[i - 1], nums[i])
        else:
            assert maxes[0] == nums[0]
    return True
2026-06-13 20:17:03 [INFO] Runtime error: name 'sat' is not defined
2026-06-13 20:17:03 [INFO] 



2026-06-13 20:17:03 [INFO] number id: 149
2026-06-13 20:17:03 [INFO] label id: RollingMax:1
2026-06-13 20:17:03 [INFO] puzzle content:
2026-06-13 20:17:03 [INFO] def sat(maxes: List[int], nums=[-15, -6]):
    assert len(maxes) == len(nums)
    for i in range(len(nums)):
        if i > 0:
            assert maxes[i] == max(maxes[i - 1], nums[i])
        else:
            assert maxes[0] == nums[0]
    return True
2026-06-13 20:17:26 [INFO] Runtime error: name 'sat' is not defined
2026-06-13 20:17:26 [INFO] 



2026-06-13 20:17:26 [INFO] number id: 150
2026-06-13 20:17:26 [INFO] label id: RollingMax:2
2026-06-13 20:17:26 [INFO] puzzle content:
2026-06-13 20:17:26 [INFO] def sat(maxes: List[int], nums=[]):
    assert len(maxes) == len(nums)
    for i in range(len(nums)):
        if i > 0:
            assert maxes[i] == max(maxes[i - 1], nums[i])
        else:
            assert maxes[0] == nums[0]
    return True
2026-06-13 20:17:44 [INFO] Runtime error: name 'sat' is not defined
2026-06-13 20:17:44 [INFO] 



2026-06-13 20:17:44 [INFO] number id: 151
2026-06-13 20:17:44 [INFO] label id: RollingMax:3
2026-06-13 20:17:44 [INFO] puzzle content:
2026-06-13 20:17:44 [INFO] def sat(maxes: List[int], nums=[-100, 14, -45, 92, 36, -68, -40]):
    assert len(maxes) == len(nums)
    for i in range(len(nums)):
        if i > 0:
            assert maxes[i] == max(maxes[i - 1], nums[i])
        else:
            assert maxes[0] == nums[0]
    return True
2026-06-13 20:18:04 [INFO] Runtime error: invalid syntax. Maybe you meant '==' or ':=' instead of '='? (<string>, line 1)
2026-06-13 20:18:04 [INFO] 



2026-06-13 20:18:04 [INFO] number id: 152
2026-06-13 20:18:04 [INFO] label id: RollingMax:4
2026-06-13 20:18:04 [INFO] puzzle content:
2026-06-13 20:18:04 [INFO] def sat(maxes: List[int], nums=[23, -34, 96]):
    assert len(maxes) == len(nums)
    for i in range(len(nums)):
        if i > 0:
            assert maxes[i] == max(maxes[i - 1], nums[i])
        else:
            assert maxes[0] == nums[0]
    return True
2026-06-13 20:18:24 [INFO] Runtime error: name 'sat' is not defined
2026-06-13 20:18:24 [INFO] 



2026-06-13 20:18:24 [INFO] number id: 153
2026-06-13 20:18:24 [INFO] label id: PalindromeContaining:0
2026-06-13 20:18:24 [INFO] puzzle content:
2026-06-13 20:18:24 [INFO] def sat(ans: str, s="so easy", length=20):
    return ans == ans[::-1] and len(ans) == length and s in ans
2026-06-13 20:18:36 [INFO] Runtime error: name 'sat' is not defined
2026-06-13 20:18:36 [INFO] 



2026-06-13 20:18:36 [INFO] number id: 154
2026-06-13 20:18:36 [INFO] label id: PalindromeContaining:1
2026-06-13 20:18:36 [INFO] puzzle content:
2026-06-13 20:18:36 [INFO] def sat(ans: str, s="aabbab", length=12):
    return ans == ans[::-1] and len(ans) == length and s in ans
2026-06-13 20:18:45 [INFO] Runtime error: name 'sat' is not defined
2026-06-13 20:18:45 [INFO] 



2026-06-13 20:18:45 [INFO] number id: 155
2026-06-13 20:18:45 [INFO] label id: PalindromeContaining:2
2026-06-13 20:18:45 [INFO] puzzle content:
2026-06-13 20:18:45 [INFO] def sat(ans: str, s="bbb", length=27):
    return ans == ans[::-1] and len(ans) == length and s in ans
2026-06-13 20:18:53 [INFO] Runtime error: name 'sat' is not defined
2026-06-13 20:18:53 [INFO] 



2026-06-13 20:18:53 [INFO] number id: 156
2026-06-13 20:18:53 [INFO] label id: PalindromeContaining:3
2026-06-13 20:18:53 [INFO] puzzle content:
2026-06-13 20:18:53 [INFO] def sat(ans: str, s="bb", length=38):
    return ans == ans[::-1] and len(ans) == length and s in ans
2026-06-13 20:19:03 [INFO] Runtime error: name 'sat' is not defined
2026-06-13 20:19:03 [INFO] 



2026-06-13 20:19:03 [INFO] number id: 157
2026-06-13 20:19:03 [INFO] label id: PalindromeContaining:4
2026-06-13 20:19:03 [INFO] puzzle content:
2026-06-13 20:19:03 [INFO] def sat(ans: str, s="", length=0):
    return ans == ans[::-1] and len(ans) == length and s in ans
2026-06-13 20:19:03 [INFO] Tool->''
2026-06-13 20:19:03 [INFO] Runtime error: name 'sat' is not defined
2026-06-13 20:19:03 [INFO] 



2026-06-13 20:19:03 [INFO] number id: 158
2026-06-13 20:19:03 [INFO] label id: BinaryStrXOR:0
2026-06-13 20:19:03 [INFO] puzzle content:
2026-06-13 20:19:03 [INFO] def sat(str_num: str, nums=['100011101100001', '100101100101110']):
    a, b = nums
    return int(str_num, 2) == int(a, 2) ^ int(b, 2)
2026-06-13 20:19:12 [INFO] Runtime error: name 'sat' is not defined
2026-06-13 20:19:12 [INFO] 



2026-06-13 20:19:12 [INFO] number id: 159
2026-06-13 20:19:12 [INFO] label id: BinaryStrXOR:1
2026-06-13 20:19:12 [INFO] puzzle content:
2026-06-13 20:19:12 [INFO] def sat(str_num: str, nums=['1101101111', '11001100']):
    a, b = nums
    return int(str_num, 2) == int(a, 2) ^ int(b, 2)
2026-06-13 20:19:18 [INFO] Runtime error: name 'sat' is not defined
2026-06-13 20:19:18 [INFO] 



2026-06-13 20:19:18 [INFO] number id: 160
2026-06-13 20:19:18 [INFO] label id: BinaryStrXOR:2
2026-06-13 20:19:18 [INFO] puzzle content:
2026-06-13 20:19:18 [INFO] def sat(str_num: str, nums=['11011111', '1101001110']):
    a, b = nums
    return int(str_num, 2) == int(a, 2) ^ int(b, 2)
2026-06-13 20:19:26 [INFO] Runtime error: name 'sat' is not defined
2026-06-13 20:19:26 [INFO] 



2026-06-13 20:19:26 [INFO] number id: 161
2026-06-13 20:19:26 [INFO] label id: BinaryStrXOR:3
2026-06-13 20:19:26 [INFO] puzzle content:
2026-06-13 20:19:26 [INFO] def sat(str_num: str, nums=['100000001', '1010001001']):
    a, b = nums
    return int(str_num, 2) == int(a, 2) ^ int(b, 2)
2026-06-13 20:19:35 [INFO] Runtime error: name 'sat' is not defined
2026-06-13 20:19:35 [INFO] 



2026-06-13 20:19:35 [INFO] number id: 162
2026-06-13 20:19:35 [INFO] label id: BinaryStrXOR:4
2026-06-13 20:19:35 [INFO] puzzle content:
2026-06-13 20:19:35 [INFO] def sat(str_num: str, nums=['10010110', '10000']):
    a, b = nums
    return int(str_num, 2) == int(a, 2) ^ int(b, 2)
2026-06-13 20:19:43 [INFO] Runtime error: name 'sat' is not defined
2026-06-13 20:19:43 [INFO] 



2026-06-13 20:19:43 [INFO] number id: 163
2026-06-13 20:19:43 [INFO] label id: LongestStr:0
2026-06-13 20:19:43 [INFO] puzzle content:
2026-06-13 20:19:43 [INFO] def sat(ans: str, words=['these', 'are', 'some', 'pretty', 'long', 'words']):
    return ans in words and all(len(ans) >= len(w) for w in words)
2026-06-13 20:19:43 [INFO] Tool->'pretty'
2026-06-13 20:19:43 [INFO] Runtime error: name 'sat' is not defined
2026-06-13 20:19:43 [INFO] 



2026-06-13 20:19:43 [INFO] number id: 164
2026-06-13 20:19:43 [INFO] label id: LongestStr:1
2026-06-13 20:19:43 [INFO] puzzle content:
2026-06-13 20:19:43 [INFO] def sat(ans: str, words=['suquojurethy', 'zetenejubichicyj', 'dyzeroquyxipyfe']):
    return ans in words and all(len(ans) >= len(w) for w in words)
2026-06-13 20:19:43 [INFO] Tool->'zetenejubichicyj'
2026-06-13 20:19:43 [INFO] Runtime error: name 'sat' is not defined
2026-06-13 20:19:43 [INFO] 



2026-06-13 20:19:43 [INFO] number id: 165
2026-06-13 20:19:43 [INFO] label id: LongestStr:2
2026-06-13 20:19:43 [INFO] puzzle content:
2026-06-13 20:19:43 [INFO] def sat(ans: str, words=['thusisequiw', 'tevozequetextupetha', 'texterut', 'zopuhesofowyk', 'chajokapechunekizic', 'hefuhyjiwakifyma', 'thopebom', 'pah']):
    return ans in words and all(len(ans) >= len(w) for w in words)
2026-06-13 20:19:43 [INFO] Tool->'tevozequetextupetha'
2026-06-13 20:19:43 [INFO] Runtime error: name 'sat' is not defined
2026-06-13 20:19:43 [INFO] 



2026-06-13 20:19:43 [INFO] number id: 166
2026-06-13 20:19:43 [INFO] label id: LongestStr:3
2026-06-13 20:19:43 [INFO] puzzle content:
2026-06-13 20:19:43 [INFO] def sat(ans: str, words=['melo', 'zoj', 'wujololyfytew', 'barivitextyte', 'decipywiduvaq', 'ruty', 'gekusoduz']):
    return ans in words and all(len(ans) >= len(w) for w in words)
2026-06-13 20:19:43 [INFO] Tool->'barivitextyte'
2026-06-13 20:19:43 [INFO] Runtime error: name 'sat' is not defined
2026-06-13 20:19:43 [INFO] 



2026-06-13 20:19:43 [INFO] number id: 167
2026-06-13 20:19:43 [INFO] label id: LongestStr:4
2026-06-13 20:19:43 [INFO] puzzle content:
2026-06-13 20:19:43 [INFO] def sat(ans: str, words=['quicydynigatha', 'pethiquifegosych', 'jixotextoxa', 'pe', 'xona', 'cifuco', 'gyrejypifam']):
    return ans in words and all(len(ans) >= len(w) for w in words)
2026-06-13 20:19:43 [INFO] Tool->'pethiquifegosych'
2026-06-13 20:19:43 [INFO] Runtime error: name 'sat' is not defined
2026-06-13 20:19:43 [INFO] 



2026-06-13 20:19:43 [INFO] number id: 168
2026-06-13 20:19:43 [INFO] label id: CertifiedGCD:0
2026-06-13 20:19:43 [INFO] puzzle content:
2026-06-13 20:19:43 [INFO] def sat(ans: List[int], m=200004931, n=66679984):
    gcd, a, b = ans
    return m % gcd == n % gcd == 0 and a * m + b * n == gcd and gcd > 0
2026-06-13 20:19:58 [INFO] Runtime error: name 'sat' is not defined
2026-06-13 20:19:58 [INFO] 



2026-06-13 20:19:58 [INFO] number id: 169
2026-06-13 20:19:58 [INFO] label id: CertifiedGCD:1
2026-06-13 20:19:58 [INFO] puzzle content:
2026-06-13 20:19:58 [INFO] def sat(ans: List[int], m=2642408, n=828886):
    gcd, a, b = ans
    return m % gcd == n % gcd == 0 and a * m + b * n == gcd and gcd > 0
2026-06-13 20:20:09 [INFO] Runtime error: name 'sat' is not defined
2026-06-13 20:20:09 [INFO] 



2026-06-13 20:20:09 [INFO] number id: 170
2026-06-13 20:20:09 [INFO] label id: CertifiedGCD:2
2026-06-13 20:20:09 [INFO] puzzle content:
2026-06-13 20:20:09 [INFO] def sat(ans: List[int], m=184428, n=105545439738):
    gcd, a, b = ans
    return m % gcd == n % gcd == 0 and a * m + b * n == gcd and gcd > 0
2026-06-13 20:20:20 [INFO] Runtime error: name 'sat' is not defined
2026-06-13 20:20:20 [INFO] 



2026-06-13 20:20:20 [INFO] number id: 171
2026-06-13 20:20:20 [INFO] label id: CertifiedGCD:3
2026-06-13 20:20:20 [INFO] puzzle content:
2026-06-13 20:20:20 [INFO] def sat(ans: List[int], m=3956548155, n=103530):
    gcd, a, b = ans
    return m % gcd == n % gcd == 0 and a * m + b * n == gcd and gcd > 0
2026-06-13 20:20:33 [INFO] Runtime error: name 'sat' is not defined
2026-06-13 20:20:33 [INFO] 



2026-06-13 20:20:33 [INFO] number id: 172
2026-06-13 20:20:33 [INFO] label id: CertifiedGCD:4
2026-06-13 20:20:33 [INFO] puzzle content:
2026-06-13 20:20:33 [INFO] def sat(ans: List[int], m=101920, n=55199657760):
    gcd, a, b = ans
    return m % gcd == n % gcd == 0 and a * m + b * n == gcd and gcd > 0
2026-06-13 20:20:43 [INFO] Runtime error: name 'sat' is not defined
2026-06-13 20:20:43 [INFO] 



2026-06-13 20:20:43 [INFO] number id: 173
2026-06-13 20:20:43 [INFO] label id: AllPrefixes:0
2026-06-13 20:20:43 [INFO] puzzle content:
2026-06-13 20:20:43 [INFO] def sat(prefixes: List[str], s="donesezichethofalij"):
    return all(s.startswith(p) for p in prefixes) and len(set(prefixes)) > len(s)
2026-06-13 20:21:03 [INFO] Runtime error: name 'sat' is not defined
2026-06-13 20:21:03 [INFO] 



2026-06-13 20:21:03 [INFO] number id: 174
2026-06-13 20:21:03 [INFO] label id: AllPrefixes:1
2026-06-13 20:21:03 [INFO] puzzle content:
2026-06-13 20:21:03 [INFO] def sat(prefixes: List[str], s="vuf"):
    return all(s.startswith(p) for p in prefixes) and len(set(prefixes)) > len(s)
2026-06-13 20:21:20 [INFO] Runtime error: name 'sat' is not defined
2026-06-13 20:21:20 [INFO] 



2026-06-13 20:21:20 [INFO] number id: 175
2026-06-13 20:21:20 [INFO] label id: AllPrefixes:2
2026-06-13 20:21:20 [INFO] puzzle content:
2026-06-13 20:21:20 [INFO] def sat(prefixes: List[str], s="t"):
    return all(s.startswith(p) for p in prefixes) and len(set(prefixes)) > len(s)
2026-06-13 20:21:43 [INFO] Runtime error: name 'sat' is not defined
2026-06-13 20:21:43 [INFO] 



2026-06-13 20:21:43 [INFO] number id: 176
2026-06-13 20:21:43 [INFO] label id: AllPrefixes:3
2026-06-13 20:21:43 [INFO] puzzle content:
2026-06-13 20:21:43 [INFO] def sat(prefixes: List[str], s="qu"):
    return all(s.startswith(p) for p in prefixes) and len(set(prefixes)) > len(s)
2026-06-13 20:21:59 [INFO] Runtime error: name 'sat' is not defined
2026-06-13 20:21:59 [INFO] 



2026-06-13 20:21:59 [INFO] number id: 177
2026-06-13 20:21:59 [INFO] label id: AllPrefixes:4
2026-06-13 20:21:59 [INFO] puzzle content:
2026-06-13 20:21:59 [INFO] def sat(prefixes: List[str], s="dugethixuneku"):
    return all(s.startswith(p) for p in prefixes) and len(set(prefixes)) > len(s)
2026-06-13 20:22:15 [INFO] Runtime error: invalid syntax (<string>, line 1)
2026-06-13 20:22:15 [INFO] 



2026-06-13 20:22:15 [INFO] number id: 178
2026-06-13 20:22:15 [INFO] label id: SpaceyRange:0
2026-06-13 20:22:15 [INFO] puzzle content:
2026-06-13 20:22:15 [INFO] def sat(ans: str, n=15):
    return [int(i) for i in ans.split(' ')] == list(range(n + 1))
2026-06-13 20:22:36 [INFO] Runtime error: name 'sat' is not defined
2026-06-13 20:22:36 [INFO] 



2026-06-13 20:22:36 [INFO] number id: 179
2026-06-13 20:22:36 [INFO] label id: SpaceyRange:1
2026-06-13 20:22:36 [INFO] puzzle content:
2026-06-13 20:22:36 [INFO] def sat(ans: str, n=54635):
    return [int(i) for i in ans.split(' ')] == list(range(n + 1))
2026-06-13 20:23:58 [INFO] Runtime error: name 'sat' is not defined
2026-06-13 20:23:58 [INFO] 



2026-06-13 20:23:58 [INFO] number id: 180
2026-06-13 20:23:58 [INFO] label id: SpaceyRange:2
2026-06-13 20:23:58 [INFO] puzzle content:
2026-06-13 20:23:58 [INFO] def sat(ans: str, n=83):
    return [int(i) for i in ans.split(' ')] == list(range(n + 1))
2026-06-13 20:24:03 [INFO] Runtime error: name 'sat' is not defined
2026-06-13 20:24:03 [INFO] 



2026-06-13 20:24:03 [INFO] number id: 181
2026-06-13 20:24:03 [INFO] label id: SpaceyRange:3
2026-06-13 20:24:03 [INFO] puzzle content:
2026-06-13 20:24:03 [INFO] def sat(ans: str, n=99847):
    return [int(i) for i in ans.split(' ')] == list(range(n + 1))
2026-06-13 20:24:09 [INFO] Runtime error: name 'sat' is not defined
2026-06-13 20:24:09 [INFO] 



2026-06-13 20:24:09 [INFO] number id: 182
2026-06-13 20:24:09 [INFO] label id: SpaceyRange:4
2026-06-13 20:24:09 [INFO] puzzle content:
2026-06-13 20:24:09 [INFO] def sat(ans: str, n=18215):
    return [int(i) for i in ans.split(' ')] == list(range(n + 1))
2026-06-13 20:24:14 [INFO] Runtime error: name 'sat' is not defined
2026-06-13 20:24:14 [INFO] 



2026-06-13 20:24:14 [INFO] number id: 183
2026-06-13 20:24:14 [INFO] label id: DistinctChars:0
2026-06-13 20:24:14 [INFO] puzzle content:
2026-06-13 20:24:14 [INFO] def sat(ans: List[str], s="The quick brown fox jumps over the lazy dog!", n=28):
    assert all(ans.count(c.lower()) == 1 for c in s)
    assert all(c == c.lower() for c in ans)
    assert all(c in s.lower() for c in ans)
    return True
2026-06-13 20:24:25 [INFO] Runtime error: name 'sat' is not defined
2026-06-13 20:24:25 [INFO] 



2026-06-13 20:24:25 [INFO] number id: 184
2026-06-13 20:24:25 [INFO] label id: DistinctChars:1
2026-06-13 20:24:25 [INFO] puzzle content:
2026-06-13 20:24:25 [INFO] def sat(ans: List[str], s="Iu]K,>Q8w", n=9):
    assert all(ans.count(c.lower()) == 1 for c in s)
    assert all(c == c.lower() for c in ans)
    assert all(c in s.lower() for c in ans)
    return True
2026-06-13 20:24:37 [INFO] Runtime error: invalid syntax (<string>, line 1)
2026-06-13 20:24:37 [INFO] 



2026-06-13 20:24:37 [INFO] number id: 185
2026-06-13 20:24:37 [INFO] label id: DistinctChars:2
2026-06-13 20:24:37 [INFO] puzzle content:
2026-06-13 20:24:37 [INFO] def sat(ans: List[str], s="JrUCk=ek&q^xBuvtm", n=15):
    assert all(ans.count(c.lower()) == 1 for c in s)
    assert all(c == c.lower() for c in ans)
    assert all(c in s.lower() for c in ans)
    return True
2026-06-13 20:24:45 [INFO] Runtime error: name 'sat' is not defined
2026-06-13 20:24:45 [INFO] 



2026-06-13 20:24:45 [INFO] number id: 186
2026-06-13 20:24:45 [INFO] label id: DistinctChars:3
2026-06-13 20:24:45 [INFO] puzzle content:
2026-06-13 20:24:45 [INFO] def sat(ans: List[str], s="V-wKeN", n=6):
    assert all(ans.count(c.lower()) == 1 for c in s)
    assert all(c == c.lower() for c in ans)
    assert all(c in s.lower() for c in ans)
    return True
2026-06-13 20:24:53 [INFO] Runtime error: name 'sat' is not defined
2026-06-13 20:24:53 [INFO] 



2026-06-13 20:24:53 [INFO] number id: 187
2026-06-13 20:24:53 [INFO] label id: DistinctChars:4
2026-06-13 20:24:53 [INFO] puzzle content:
2026-06-13 20:24:53 [INFO] def sat(ans: List[str], s="F;J*qHN.^YC", n=11):
    assert all(ans.count(c.lower()) == 1 for c in s)
    assert all(c == c.lower() for c in ans)
    assert all(c in s.lower() for c in ans)
    return True
2026-06-13 20:25:05 [INFO] Runtime error: name 'sat' is not defined
2026-06-13 20:25:05 [INFO] 



2026-06-13 20:25:05 [INFO] number id: 188
2026-06-13 20:25:05 [INFO] label id: ParseMusic:0
2026-06-13 20:25:05 [INFO] puzzle content:
2026-06-13 20:25:05 [INFO] def sat(beats: List[int], score="o o o| o| .| .| .| o| o| o o o| .|"):
    return " ".join({1: '.|', 2: 'o|', 4: 'o'}[b] for b in beats) == score
2026-06-13 20:25:15 [INFO] Runtime error: name 'sat' is not defined
2026-06-13 20:25:15 [INFO] 



2026-06-13 20:25:15 [INFO] number id: 189
2026-06-13 20:25:15 [INFO] label id: ParseMusic:1
2026-06-13 20:25:15 [INFO] puzzle content:
2026-06-13 20:25:15 [INFO] def sat(beats: List[int], score=".| o .| o| o| o| o| .| o o"):
    return " ".join({1: '.|', 2: 'o|', 4: 'o'}[b] for b in beats) == score
2026-06-13 20:25:25 [INFO] Runtime error: name 'sat' is not defined
2026-06-13 20:25:25 [INFO] 



2026-06-13 20:25:25 [INFO] number id: 190
2026-06-13 20:25:25 [INFO] label id: ParseMusic:2
2026-06-13 20:25:25 [INFO] puzzle content:
2026-06-13 20:25:25 [INFO] def sat(beats: List[int], score="o| .| .| .| .| o| o .| o| o| o"):
    return " ".join({1: '.|', 2: 'o|', 4: 'o'}[b] for b in beats) == score
2026-06-13 20:25:42 [INFO] Runtime error: name 'sat' is not defined
2026-06-13 20:25:42 [INFO] 



2026-06-13 20:25:42 [INFO] number id: 191
2026-06-13 20:25:42 [INFO] label id: ParseMusic:3
2026-06-13 20:25:42 [INFO] puzzle content:
2026-06-13 20:25:42 [INFO] def sat(beats: List[int], score=".| o|"):
    return " ".join({1: '.|', 2: 'o|', 4: 'o'}[b] for b in beats) == score
2026-06-13 20:25:51 [INFO] Runtime error: name 'sat' is not defined
2026-06-13 20:25:51 [INFO] 



2026-06-13 20:25:51 [INFO] number id: 192
2026-06-13 20:25:51 [INFO] label id: ParseMusic:4
2026-06-13 20:25:51 [INFO] puzzle content:
2026-06-13 20:25:51 [INFO] def sat(beats: List[int], score=""):
    return " ".join({1: '.|', 2: 'o|', 4: 'o'}[b] for b in beats) == score
2026-06-13 20:26:03 [INFO] Runtime error: name 'sat' is not defined
2026-06-13 20:26:03 [INFO] 



2026-06-13 20:26:03 [INFO] number id: 193
2026-06-13 20:26:03 [INFO] label id: OverlappingCount:0
2026-06-13 20:26:03 [INFO] puzzle content:
2026-06-13 20:26:03 [INFO] def sat(ans: List[int], s="Bananannanaannanaanananananana", sub="anan", count=7):
    return all(sub == s[i:i + len(sub)] and i >= 0 for i in ans) and len(set(ans)) >= count
2026-06-13 20:26:17 [INFO] Runtime error: name 'sat' is not defined
2026-06-13 20:26:17 [INFO] 



2026-06-13 20:26:17 [INFO] number id: 194
2026-06-13 20:26:17 [INFO] label id: OverlappingCount:1
2026-06-13 20:26:17 [INFO] puzzle content:
2026-06-13 20:26:17 [INFO] def sat(ans: List[int], s="halidykugadobezebothidububawuvejiquitextyrequamobythynethojahyquutatextoquuzilu", sub="ne", count=1):
    return all(sub == s[i:i + len(sub)] and i >= 0 for i in ans) and len(set(ans)) >= count
2026-06-13 20:26:30 [INFO] Runtime error: name 'sat' is not defined
2026-06-13 20:26:30 [INFO] 



2026-06-13 20:26:30 [INFO] number id: 195
2026-06-13 20:26:30 [INFO] label id: OverlappingCount:2
2026-06-13 20:26:30 [INFO] puzzle content:
2026-06-13 20:26:30 [INFO] def sat(ans: List[int], s="sutapifitextidavyjedakotextopogonudy", sub="te", count=2):
    return all(sub == s[i:i + len(sub)] and i >= 0 for i in ans) and len(set(ans)) >= count
2026-06-13 20:26:40 [INFO] Runtime error: name 'sat' is not defined
2026-06-13 20:26:40 [INFO] 



2026-06-13 20:26:40 [INFO] number id: 196
2026-06-13 20:26:40 [INFO] label id: OverlappingCount:3
2026-06-13 20:26:40 [INFO] puzzle content:
2026-06-13 20:26:40 [INFO] def sat(ans: List[int], s="fizyquohachoromuxuquatextidemihithacazynytytextukozarahuwyfuchyquyhidadytext", sub="quohach", count=1):
    return all(sub == s[i:i + len(sub)] and i >= 0 for i in ans) and len(set(ans)) >= count
2026-06-13 20:26:53 [INFO] Runtime error: name 'sat' is not defined
2026-06-13 20:26:53 [INFO] 



2026-06-13 20:26:53 [INFO] number id: 197
2026-06-13 20:26:53 [INFO] label id: OverlappingCount:4
2026-06-13 20:26:53 [INFO] puzzle content:
2026-06-13 20:26:53 [INFO] def sat(ans: List[int], s="wutextega", sub="xtega", count=1):
    return all(sub == s[i:i + len(sub)] and i >= 0 for i in ans) and len(set(ans)) >= count
2026-06-13 20:27:14 [INFO] Runtime error: name 'sat' is not defined
2026-06-13 20:27:14 [INFO] 



2026-06-13 20:27:14 [INFO] number id: 198
2026-06-13 20:27:14 [INFO] label id: SortNumbers:0
2026-06-13 20:27:14 [INFO] puzzle content:
2026-06-13 20:27:14 [INFO] def sat(ans: str, s="six one four three two nine eight"):
    nums = 'zero one two three four five six seven eight nine'.split()
    return [nums.index(x) for x in ans.split(" ")] == sorted([nums.index(x) for x in s.split(" ")])
2026-06-13 20:27:43 [INFO] Runtime error: name 'sat' is not defined
2026-06-13 20:27:43 [INFO] 



2026-06-13 20:27:43 [INFO] number id: 199
2026-06-13 20:27:43 [INFO] label id: SortNumbers:1
2026-06-13 20:27:43 [INFO] puzzle content:
2026-06-13 20:27:43 [INFO] def sat(ans: str, s="nine two four nine zero six six eight"):
    nums = 'zero one two three four five six seven eight nine'.split()
    return [nums.index(x) for x in ans.split(" ")] == sorted([nums.index(x) for x in s.split(" ")])
2026-06-13 20:28:13 [INFO] Runtime error: name 'sat' is not defined
2026-06-13 20:28:13 [INFO] 200 solving 运行耗时: 0.0h, 58.0min, 58.649487257003784s
2026-06-13 20:28:13 [INFO] 
Tokens/token_usage_with_tool_2026-06-13-18-32-45.json
2026-06-13 20:28:13 [INFO] Correct_Q: 0
2026-06-13 20:28:13 [INFO] False_Q: 0
2026-06-13 20:28:13 [INFO] Error_Q: 200
2026-06-13 20:28:13 [INFO] Sum_Q: 200
2026-06-13 20:28:13 [INFO] Acc: 0.00%
2026-06-13 20:28:13 [INFO] Avg_time_per_Q: 17.69s
2026-06-13 20:28:13 [INFO] Total Tokens: 300462
2026-06-13 20:28:13 [INFO] Total Cost: $1.19
2026-06-13 20:28:13 [INFO] Round 1 summary | no_tool: Acc=0/200, Avg_time=16.95s
2026-06-13 20:28:13 [INFO] Round 1 summary | with_tool: Acc=0/200, Avg_time=17.69s
